time,price,status,amount
92504,12.6,S,100
92504,12.6,S,100
92504,12.6,B,100
92504,12.6,S,500
92504,12.6,S,500
92504,12.6,S,200
92504,12.6,S,1800
92504,12.6,S,800
92504,12.6,S,800
92504,12.6,S,200
92504,12.6,S,500
92504,12.6,S,1000
92504,12.6,S,400
92504,12.6,B,400
93002,12.55,S,900
93002,12.58,B,1000
93002,12.55,S,500
93003,12.58,B,500
93003,12.55,S,700
93003,12.55,B,300
93003,12.55,B,1000
93003,12.55,B,1400
93003,12.58,B,3500
93003,12.59,B,2000
93003,12.6,B,1600
93003,12.6,B,200
93004,12.53,S,800
93004,12.52,S,400
93004,12.55,B,200
93004,12.55,B,10000
93004,12.55,B,5000
93004,12.58,B,200
93004,12.58,B,1000
93004,12.6,B,17800
93004,12.6,B,1100
93004,12.6,B,9400
93004,12.6,B,600
93004,12.6,B,200
93005,12.6,S,4500
93005,12.55,B,100
93006,12.52,S,1000
93006,12.55,B,500
93006,12.55,B,87
93006,12.55,B,13
93007,12.53,B,100
93007,12.53,B,300
93008,12.52,S,600
93009,12.52,B,400
93009,12.53,B,400
93009,12.55,B,187
93009,12.55,B,600
93009,12.55,B,1000
93009,12.55,B,413
93009,12.55,B,587
93009,12.55,B,1000
93010,12.57,B,100
93016,12.57,B,500
93017,12.55,S,1000
93018,12.57,B,2400
93022,12.57,B,300
93024,12.57,B,300
93026,12.57,B,1000
93027,12.57,B,200
93031,12.57,B,200
93031,12.55,S,200
93031,12.55,S,1100
93032,12.57,B,100
93035,12.55,S,1113
93035,12.55,S,600
93035,12.55,S,500
93035,12.55,B,100
93038,12.55,B,100
93042,12.55,B,1887
93047,12.57,B,100
93057,12.57,B,300
93057,12.57,S,700
93108,12.59,B,200
93108,12.59,B,300
93114,12.6,B,1000
93114,12.6,B,600
93114,12.6,B,1000
93114,12.6,B,400
93116,12.59,S,1500
93116,12.59,S,1000
93116,12.58,S,500
93116,12.57,S,2000
93116,12.57,S,1400
93117,12.57,S,300
93118,12.6,B,200
93119,12.6,B,100
93119,12.6,B,100
93121,12.6,B,300
93121,12.63,B,100
93122,12.57,S,300
93122,12.57,S,1000
93122,12.57,S,500
93122,12.57,S,100
93122,12.57,S,400
93127,12.6,S,2000
93127,12.63,B,100
93130,12.63,B,100
93138,12.6,S,1200
93147,12.61,S,100
93148,12.61,S,800
93148,12.6,S,10600
93148,12.6,S,500
93148,12.59,S,1000
93148,12.59,S,800
93148,12.58,S,1000
93148,12.57,S,1000
93148,12.55,S,113
93148,12.55,S,787
93151,12.6,B,400
93152,12.6,B,1000
93152,12.59,B,300
93153,12.59,B,700
93154,12.6,B,800
93157,12.6,B,700
93202,12.6,B,200
93208,12.6,B,500
93215,12.6,B,200
93219,12.6,B,1000
93226,12.59,B,1400
93227,12.59,B,300
93227,12.6,B,700
93232,12.6,B,200
93233,12.59,B,500
93233,12.6,B,2500
93238,12.6,B,100
93240,12.57,S,1000
93240,12.56,S,300
93241,12.6,B,200
93241,12.6,B,2800
93242,12.6,B,300
93244,12.6,B,500
93244,12.6,B,400
93244,12.6,B,400
93246,12.6,B,2800
93246,12.6,S,300
93250,12.63,B,200
93255,12.6,S,200
93301,12.63,B,300
93313,12.62,S,400
93313,12.61,S,400
93319,12.63,B,400
93319,12.63,B,100
93323,12.63,B,500
93323,12.63,B,500
93323,12.61,S,400
93327,12.63,B,200
93332,12.62,B,2500
93335,12.62,B,1000
93336,12.62,B,2000
93339,12.62,B,300
93342,12.61,S,200
93342,12.61,S,300
93345,12.62,B,400
93346,12.62,B,2000
93346,12.62,B,1900
93346,12.62,B,3500
93350,12.62,S,800
93351,12.63,B,400
93354,12.62,S,1000
93355,12.63,B,1000
93359,12.62,S,500
93359,12.62,S,600
93359,12.63,B,1900
93404,12.64,B,300
93409,12.63,S,100
93409,12.63,S,900
93410,12.63,S,100
93410,12.63,S,1200
93414,12.64,B,500
93417,12.64,B,5000
93418,12.64,B,200
93423,12.65,B,100
93423,12.68,B,300
93442,12.67,B,500
93442,12.67,B,400
93442,12.68,B,700
93442,12.68,B,100
93442,12.68,B,300
93443,12.65,S,600
93443,12.65,S,800
93447,12.68,B,300
93447,12.69,B,100
93447,12.69,B,100
93453,12.68,S,500
93453,12.68,S,500
93454,12.68,S,1000
93457,12.69,B,100
93501,12.68,S,1400
93501,12.68,S,100
93501,12.65,S,200
93501,12.65,S,700
93503,12.69,B,500
93505,12.69,B,300
93508,12.68,S,200
93508,12.69,B,5600
93508,12.69,B,2800
93510,12.69,S,300
93512,12.7,B,100
93512,12.7,B,400
93516,12.69,S,4000
93517,12.69,S,5200
93519,12.69,S,2000
93523,12.69,S,300
93528,12.69,S,400
93531,12.7,B,2000
93532,12.7,B,500
93533,12.7,B,500
93538,12.7,B,300
93539,12.69,S,700
93540,12.69,S,900
93542,12.7,B,500
93542,12.7,B,300
93542,12.7,B,11500
93542,12.71,B,2200
93542,12.72,B,300
93542,12.72,B,300
93542,12.72,B,500
93542,12.72,B,400
93542,12.73,B,200
93542,12.73,B,300
93542,12.73,B,900
93542,12.73,B,300
93542,12.73,B,22500
93542,12.74,B,500
93542,12.74,B,1500
93542,12.75,B,1400
93542,12.75,B,1000
93542,12.75,B,700
93542,12.76,B,1000
93542,12.77,B,2000
93542,12.77,B,300
93542,12.79,B,200
93542,12.8,B,500
93542,12.8,B,100
93542,12.8,B,1400
93545,12.7,S,300
93545,12.69,S,800
93553,12.7,S,500
93553,12.69,S,700
93553,12.8,B,2000
93555,12.7,S,200
93555,12.7,S,800
93603,12.76,B,1100
93603,12.79,B,100
93615,12.77,B,100
93620,12.76,S,500
93627,12.77,B,200
93629,12.76,B,300
93629,12.77,B,200
93629,12.77,B,500
93635,12.76,B,200
93644,12.75,B,500
93648,12.75,B,1000
93648,12.76,B,100
93652,12.76,B,2100
93652,12.76,B,1000
93652,12.76,B,400
93659,12.76,B,1000
93702,12.72,S,300
93702,12.71,S,900
93702,12.75,B,700
93711,12.75,B,300
93711,12.76,B,600
93711,12.76,B,400
93711,12.76,B,7000
93711,12.76,B,2100
93711,12.77,B,6200
93711,12.79,B,1900
93711,12.79,B,200
93711,12.79,B,2500
93711,12.79,B,2000
93711,12.8,B,1000
93711,12.8,B,200
93711,12.8,B,200
93711,12.8,B,1000
93717,12.8,S,300
93718,12.8,S,500
93728,12.83,B,100
93728,12.83,B,200
93733,12.8,S,1000
93737,12.83,B,200
93738,12.8,S,1000
93738,12.8,S,300
93739,12.83,B,100
93744,12.8,S,600
93751,12.83,B,1500
93751,12.83,B,500
93756,12.82,S,500
93756,12.8,S,700
93756,12.8,S,200
93756,12.8,S,900
93756,12.8,S,2000
93757,12.8,B,2000
93757,12.8,B,400
93758,12.79,S,1300
93758,12.79,S,200
93758,12.8,B,500
93759,12.8,B,200
93800,12.8,B,900
93802,12.8,B,100
93806,12.8,B,900
93807,12.8,B,500
93807,12.8,B,100
93807,12.8,B,100
93807,12.8,B,500
93809,12.8,B,9500
93811,12.82,B,300
93812,12.8,S,700
93816,12.8,B,100
93817,12.81,S,200
93818,12.82,B,200
93818,12.83,B,1000
93818,12.83,B,300
93818,12.83,B,200
93818,12.83,B,1000
93818,12.83,B,300
93818,12.81,S,400
93821,12.81,S,100
93822,12.81,B,1400
93826,12.8,S,200
93826,12.8,S,3800
93827,12.82,B,800
93828,12.82,S,200
93828,12.8,S,9800
93835,12.82,S,1000
93836,12.81,B,400
93837,12.81,B,800
93840,12.81,B,1000
93840,12.81,B,600
93840,12.81,B,100
93842,12.8,S,5000
93844,12.81,B,1100
93844,12.83,B,2300
93845,12.83,S,300
93846,12.83,S,1600
93846,12.83,S,800
93847,12.83,B,1000
93848,12.81,S,1000
93900,12.83,B,200
93900,12.83,B,300
93905,12.82,B,400
93905,12.82,B,200
93905,12.83,B,200
93907,12.83,B,5000
93908,12.83,B,1000
93909,12.82,S,900
93909,12.81,S,1100
93910,12.82,B,500
93910,12.83,B,3500
93913,12.83,S,400
93913,12.84,B,100
93913,12.84,B,500
93913,12.84,B,900
93913,12.84,B,1500
93913,12.84,B,2000
93916,12.83,S,600
93916,12.82,S,500
93916,12.82,B,200
93920,12.82,B,700
93922,12.82,S,300
93922,12.82,S,200
93924,12.84,B,200
93924,12.84,B,300
93924,12.84,B,300
93924,12.84,B,200
93925,12.84,B,800
93925,12.85,B,4300
93927,12.84,S,500
93935,12.84,B,500
93935,12.85,B,700
93935,12.85,B,800
93943,12.84,S,1000
93944,12.85,B,1200
93945,12.85,B,500
93947,12.85,B,600
93948,12.84,S,900
93950,12.85,B,1000
93951,12.85,B,300
93952,12.85,B,500
93953,12.85,B,100
93955,12.85,B,900
93955,12.85,B,600
93955,12.85,B,100
93956,12.85,B,400
93956,12.85,B,1000
93956,12.85,B,500
94001,12.85,S,3000
94006,12.85,S,15100
94006,12.85,S,7000
94006,12.85,S,2000
94006,12.85,S,2300
94006,12.85,S,1000
94006,12.85,S,600
94006,12.84,S,8100
94006,12.84,S,1700
94006,12.84,S,400
94006,12.83,S,400
94006,12.83,S,200
94006,12.83,S,1000
94006,12.83,S,600
94006,12.82,S,1800
94006,12.82,S,1500
94006,12.82,S,700
94006,12.82,S,5000
94006,12.81,S,400
94006,12.81,S,200
94010,12.86,B,200
94012,12.86,B,500
94020,12.85,S,2000
94020,12.85,S,3000
94020,12.85,S,100
94020,12.85,S,500
94020,12.85,S,900
94020,12.85,S,1000
94021,12.85,B,400
94022,12.85,B,600
94023,12.85,B,1000
94024,12.85,B,100
94027,12.85,B,2600
94032,12.85,B,300
94032,12.85,B,500
94034,12.85,B,800
94036,12.85,B,4000
94036,12.85,B,16300
94036,12.85,B,1000
94036,12.85,B,300
94036,12.85,B,1000
94036,12.86,B,300
94036,12.86,B,100
94038,12.85,B,5200
94041,12.85,B,1800
94042,12.85,B,3000
94042,12.85,B,400
94042,12.86,B,100
94042,12.86,B,1000
94042,12.86,B,300
94042,12.86,B,1000
94043,12.86,S,200
94048,12.86,S,200
94053,12.86,S,2000
94055,12.87,B,100
94058,12.87,B,1000
94058,12.86,S,1000
94059,12.86,S,800
94059,12.86,S,600
94059,12.85,S,6700
94059,12.85,S,1900
94101,12.87,B,300
94101,12.87,B,500
94107,12.88,B,200
94115,12.88,B,400
94115,12.88,B,1000
94115,12.88,B,1000
94115,12.88,B,600
94116,12.88,B,900
94116,12.88,B,100
94117,12.87,S,1000
94120,12.87,S,1200
94120,12.87,S,300
94121,12.87,S,1000
94123,12.88,B,2000
94124,12.88,B,500
94127,12.87,S,200
94127,12.87,S,500
94128,12.87,S,1000
94129,12.88,B,600
94129,12.87,S,500
94134,12.87,B,700
94139,12.86,S,2000
94139,12.85,S,8100
94139,12.85,S,4100
94139,12.85,S,1000
94140,12.85,B,2000
94146,12.85,B,1600
94147,12.85,B,500
94148,12.85,B,7043
94148,12.86,B,100
94148,12.87,B,1800
94148,12.87,B,2500
94148,12.87,B,2000
94148,12.87,B,1400
94150,12.87,S,1000
94153,12.87,S,100
94159,12.87,S,3357
94159,12.86,S,1000
94159,12.86,S,3643
94159,12.87,S,700
94203,12.86,S,100
94206,12.87,B,300
94206,12.87,B,300
94208,12.87,B,300
94211,12.86,S,2157
94211,12.86,S,200
94211,12.86,B,100
94213,12.85,S,100
94216,12.85,S,200
94226,12.85,S,500
94227,12.86,B,500
94231,12.86,B,43
94231,12.86,B,500
94231,12.86,B,500
94231,12.86,B,1000
94231,12.86,B,500
94231,12.86,B,1000
94231,12.86,B,1000
94231,12.86,B,600
94232,12.86,S,1357
94232,12.85,S,2043
94238,12.85,S,357
94238,12.85,S,143
94246,12.85,S,600
94250,12.85,S,257
94250,12.85,S,100
94250,12.85,S,543
94253,12.85,S,1457
94253,12.85,S,1000
94257,12.85,B,343
94258,12.86,B,1000
94258,12.85,S,157
94258,12.85,S,3000
94307,12.85,B,500
94311,12.84,S,400
94311,12.84,S,300
94311,12.84,S,100
94311,12.85,B,700
94311,12.85,B,800
94313,12.84,S,400
94316,12.84,B,1000
94322,12.84,B,1000
94322,12.83,S,1000
94322,12.82,S,2000
94322,12.81,S,600
94322,12.81,S,600
94322,12.81,S,500
94322,12.81,S,1500
94322,12.81,S,1400
94322,12.81,S,500
94322,12.8,S,1300
94323,12.8,S,23150
94327,12.8,S,900
94330,12.8,S,1700
94331,12.84,B,1300
94333,12.8,S,800
94345,12.81,B,1000
94346,12.8,S,2000
94347,12.8,S,1550
94347,12.8,S,2000
94347,12.8,S,400
94347,12.8,S,10000
94347,12.8,S,900
94347,12.8,S,200
94347,12.8,S,1000
94347,12.8,S,500
94347,12.8,S,200
94347,12.8,S,400
94347,12.8,S,300
94347,12.8,S,1000
94356,12.8,B,200
94401,12.8,B,1350
94401,12.8,B,1000
94401,12.8,B,7350
94402,12.8,B,150
94402,12.8,B,1050
94406,12.79,S,600
94406,12.78,S,1400
94409,12.79,B,300
94418,12.79,S,400
94423,12.8,B,700
94424,12.79,S,200
94424,12.79,S,3000
94426,12.79,S,1100
94426,12.79,B,500
94426,12.78,S,300
94427,12.78,B,200
94427,12.79,B,1400
94427,12.8,B,400
94428,12.8,B,500
94450,12.77,S,500
94450,12.76,S,2000
94450,12.79,B,300
94450,12.79,B,200
94455,12.79,B,1000
94456,12.79,B,500
94456,12.79,B,200
94502,12.79,B,200
94502,12.79,B,500
94502,12.79,B,1200
94502,12.79,S,100
94510,12.79,B,1000
94515,12.79,B,500
94522,12.79,B,100
94524,12.79,B,300
94524,12.79,B,300
94524,12.79,B,1200
94531,12.79,B,1000
94531,12.77,S,700
94531,12.77,S,100
94539,12.77,S,200
94542,12.79,B,1600
94542,12.79,B,400
94545,12.77,S,1000
94547,12.79,B,2200
94547,12.79,B,600
94548,12.79,B,200
94550,12.78,B,100
94554,12.78,B,100
94554,12.79,B,900
94611,12.79,B,200
94614,12.79,B,100
94620,12.79,S,400
94620,12.79,S,600
94621,12.79,S,400
94621,12.79,S,100
94621,12.78,S,5000
94621,12.77,S,300
94621,12.77,S,1600
94627,12.79,S,500
94633,12.79,S,100
94633,12.79,S,400
94633,12.8,B,2000
94634,12.79,S,800
94637,12.79,S,1300
94638,12.8,B,1000
94643,12.8,B,4350
94643,12.8,B,1650
94647,12.8,B,3000
94654,12.8,B,50
94656,12.8,S,3000
94656,12.8,S,500
94703,12.82,B,400
94716,12.82,B,600
94716,12.82,B,100
94716,12.83,B,2000
94716,12.83,B,100
94716,12.83,B,200
94716,12.84,B,27700
94723,12.83,S,2000
94728,12.83,S,2100
94732,12.82,S,600
94732,12.82,S,3100
94732,12.82,S,5000
94732,12.82,S,1300
94733,12.83,B,800
94734,12.83,B,400
94735,12.83,B,700
94735,12.84,B,300
94740,12.84,B,400
94743,12.82,S,100
94746,12.83,B,2500
94747,12.82,S,2600
94748,12.82,B,300
94800,12.82,B,1000
94804,12.82,B,1100
94804,12.82,B,3000
94811,12.83,B,200
94813,12.83,B,200
94813,12.82,S,500
94814,12.82,S,1000
94814,12.82,S,1000
94815,12.82,S,2900
94815,12.81,S,100
94815,12.81,S,1600
94815,12.81,S,1200
94815,12.81,S,1300
94815,12.81,S,500
94815,12.8,S,12150
94815,12.8,S,200
94815,12.8,S,1000
94815,12.8,S,400
94815,12.8,S,500
94815,12.8,S,6000
94819,12.8,B,2600
94820,12.8,B,100
94820,12.8,B,1000
94827,12.8,B,500
94827,12.8,B,200
94827,12.8,B,4000
94832,12.79,S,500
94833,12.8,B,1000
94833,12.79,S,1000
94833,12.79,S,600
94833,12.79,S,400
94835,12.8,B,400
94837,12.8,B,700
94838,12.79,S,100
94838,12.78,S,500
94838,12.78,S,100
94838,12.78,S,1000
94838,12.78,B,1800
94838,12.8,B,2700
94841,12.8,B,200
94848,12.79,B,800
94852,12.79,B,700
94852,12.79,B,1000
94852,12.8,B,800
94853,12.79,B,500
94859,12.77,S,100
94859,12.77,S,300
94859,12.76,S,1900
94912,12.76,S,1100
94912,12.76,S,100
94919,12.76,B,1000
94925,12.76,B,300
94933,12.75,S,700
94933,12.75,S,200
94933,12.75,S,2000
94933,12.75,S,3000
94933,12.75,S,200
94933,12.75,S,500
94933,12.75,S,300
94933,12.75,S,1900
94934,12.75,S,100
94936,12.75,S,1000
94938,12.75,S,1300
94945,12.75,S,200
94945,12.74,S,200
94945,12.73,S,5000
94945,12.73,S,6700
94952,12.73,B,200
94952,12.73,B,100
94956,12.73,B,1000
95003,12.72,B,3600
95004,12.7,S,400
95004,12.7,S,1000
95004,12.7,S,200
95004,12.7,S,100
95004,12.7,S,200
95004,12.7,S,200
95004,12.7,S,1900
95004,12.7,S,100
95004,12.7,S,100
95004,12.7,S,100
95004,12.7,S,700
95005,12.72,B,100
95007,12.7,S,100
95007,12.7,S,100
95008,12.7,S,300
95008,12.7,S,200
95008,12.7,S,400
95008,12.7,S,200
95008,12.7,S,200
95008,12.7,S,200
95008,12.7,S,200
95014,12.72,B,600
95015,12.7,S,300
95016,12.7,S,200
95019,12.72,B,1000
95022,12.7,S,2500
95022,12.7,S,1000
95022,12.69,S,1900
95022,12.69,S,1000
95022,12.68,S,1550
95026,12.7,B,4000
95026,12.7,B,1000
95030,12.7,B,1000
95030,12.7,B,5000
95034,12.7,S,1000
95037,12.7,S,600
95039,12.7,S,2400
95053,12.69,S,200
95054,12.69,S,500
95054,12.69,S,5000
95103,12.69,S,1900
95103,12.69,S,100
95103,12.68,S,6450
95103,12.68,S,1000
95103,12.68,S,1000
95104,12.67,B,1000
95104,12.67,B,2900
95105,12.67,B,1150
95107,12.69,S,850
95108,12.69,B,100
95109,12.69,B,200
95115,12.69,B,1000
95119,12.65,S,300
95123,12.67,S,200
95123,12.65,S,700
95123,12.65,S,2100
95123,12.65,S,2600
95139,12.69,B,1000
95140,12.65,S,300
95140,12.65,S,100
95149,12.65,S,400
95149,12.65,S,100
95149,12.65,S,100
95149,12.65,S,500
95153,12.65,B,1000
95158,12.65,B,1000
95158,12.65,B,1900
95158,12.65,B,500
95158,12.68,B,600
95159,12.64,S,400
95201,12.64,S,600
95201,12.64,S,300
95201,12.64,S,200
95201,12.64,S,4100
95201,12.63,S,3000
95201,12.63,S,1200
95202,12.63,B,500
95203,12.63,B,800
95205,12.63,B,500
95209,12.62,S,100
95210,12.63,B,300
95213,12.63,B,1000
95215,12.63,B,300
95217,12.63,B,1000
95218,12.63,B,2000
95219,12.63,B,2000
95219,12.63,B,2200
95222,12.63,S,100
95228,12.64,B,500
95229,12.64,B,400
95248,12.69,B,100
95248,12.69,S,400
95248,12.65,S,2900
95304,12.69,S,200
95312,12.7,B,200
95315,12.7,B,1800
95315,12.73,B,100
95321,12.73,B,500
95325,12.73,B,400
95325,12.74,B,1400
95337,12.74,S,200
95337,12.71,S,1800
95347,12.74,B,900
95349,12.74,B,1100
95349,12.74,B,3900
95351,12.74,B,500
95351,12.74,B,800
95353,12.74,B,2000
95354,12.73,S,500
95354,12.73,S,500
95401,12.74,B,500
95404,12.74,B,1700
95404,12.74,B,300
95405,12.73,S,500
95407,12.74,B,1500
95407,12.74,B,500
95407,12.73,S,2000
95409,12.74,B,2700
95410,12.75,B,4800
95410,12.75,B,1000
95410,12.75,B,500
95410,12.75,B,4700
95410,12.75,B,1000
95413,12.75,S,500
95415,12.75,S,7500
95415,12.74,S,300
95415,12.74,S,1100
95449,12.74,S,1000
95450,12.75,B,1000
95450,12.75,B,1000
95451,12.74,S,3300
95451,12.74,S,1000
95458,12.74,B,700
95519,12.77,B,300
95526,12.77,S,200
95526,12.75,S,2600
95528,12.74,S,200
95533,12.75,B,200
95537,12.75,B,3000
95540,12.75,B,500
95544,12.75,B,200
95547,12.74,S,400
95549,12.74,B,100
95551,12.74,S,2000
95553,12.74,S,500
95559,12.74,S,1300
95559,12.74,B,700
95559,12.75,B,600
95600,12.75,B,950
95602,12.75,S,50
95606,12.74,B,800
95623,12.74,B,150
95623,12.74,B,2000
95634,12.76,B,1000
95644,12.74,S,500
95644,12.77,B,4000
95644,12.77,B,500
95644,12.79,B,1600
95644,12.8,B,800
95644,12.8,B,3100
95656,12.74,S,2900
95702,12.74,S,1150
95702,12.74,S,50
95707,12.74,S,1450
95707,12.74,S,500
95707,12.74,S,400
95707,12.74,S,5000
95710,12.74,B,5000
95711,12.74,B,2150
95725,12.75,S,100
95725,12.74,S,100
95728,12.75,S,1000
95728,12.74,S,1000
95736,12.8,B,3700
95737,12.74,S,300
95743,12.75,B,300
95743,12.75,B,100
95743,12.8,B,3200
95743,12.8,B,500
95743,12.8,B,400
95743,12.8,B,500
95808,12.78,S,600
95808,12.74,S,1450
95808,12.74,S,3850
95812,12.79,B,1000
95812,12.8,B,500
95812,12.8,B,500
95812,12.8,B,100
95812,12.81,B,100
95812,12.81,B,2500
95812,12.82,B,1000
95812,12.82,B,4300
95823,12.78,B,300
95836,12.8,B,1000
95838,12.8,B,2000
95857,12.78,S,200
95857,12.78,S,1600
95907,12.79,S,400
95908,12.79,S,1200
95908,12.79,S,300
95912,12.79,B,500
95915,12.79,S,200
95919,12.79,S,900
95923,12.79,S,3400
95925,12.79,B,200
95930,12.79,B,500
95931,12.79,B,500
95937,12.79,B,600
95953,12.79,B,1800
95953,12.8,B,8200
95954,12.78,S,1000
95956,12.79,S,1100
95959,12.79,S,500
100012,12.8,B,100
100012,12.8,B,100
100012,12.8,B,1000
100012,12.8,B,500
100012,12.8,B,300
100013,12.81,B,2000
100013,12.81,B,1000
100013,12.8,S,5000
100015,12.8,S,200
100016,12.8,S,500
100022,12.8,S,500
100025,12.8,S,1000
100031,12.8,S,300
100041,12.8,S,500
100042,12.8,S,500
100043,12.8,S,2200
100051,12.81,B,500
100106,12.81,B,500
100106,12.8,S,800
100106,12.8,S,200
100106,12.8,S,2000
100112,12.8,S,9000
100113,12.81,B,1900
100113,12.81,B,800
100113,12.81,B,300
100113,12.81,B,700
100122,12.81,B,200
100123,12.81,B,100
100123,12.81,B,3000
100123,12.81,B,100
100123,12.81,B,100
100123,12.81,S,6700
100123,12.8,S,3400
100127,12.8,B,1000
100128,12.8,B,4800
100130,12.8,B,1000
100139,12.8,B,1000
100144,12.8,B,2100
100144,12.8,B,400
100144,12.8,B,7500
100144,12.8,B,200
100157,12.8,B,300
100157,12.8,B,8000
100157,12.8,B,500
100205,12.81,B,500
100205,12.81,B,2600
100205,12.82,B,26900
100206,12.81,S,100
100208,12.81,S,800
100213,12.81,S,100
100213,12.81,S,200
100213,12.8,S,3200
100218,12.82,B,100
100225,12.81,S,2000
100225,12.81,S,2000
100234,12.82,B,1800
100237,12.81,S,1000
100239,12.82,B,100
100240,12.81,S,2000
100241,12.81,B,100
100243,12.81,B,100
100243,12.81,B,800
100245,12.81,B,4900
100245,12.82,B,100
100256,12.82,B,5200
100257,12.81,S,4300
100258,12.81,B,200
100258,12.82,B,3300
100258,12.82,B,1500
100301,12.82,B,100
100308,12.82,B,3400
100308,12.82,B,200
100312,12.82,S,200
100320,12.82,S,1600
100320,12.82,S,200
100320,12.82,S,200
100321,12.82,B,1600
100321,12.82,B,900
100330,12.82,B,1000
100330,12.83,B,100
100330,12.83,B,100
100330,12.83,B,400
100330,12.83,B,1000
100330,12.83,B,900
100330,12.84,B,500
100330,12.84,B,700
100330,12.84,B,500
100330,12.84,B,2000
100330,12.85,B,10643
100330,12.85,B,100
100330,12.85,B,200
100330,12.85,B,1200
100330,12.85,B,100
100330,12.85,B,700
100330,12.85,B,100
100330,12.85,B,500
100330,12.85,B,5000
100330,12.85,B,1300
100330,12.85,B,2000
100330,12.85,B,1900
100330,12.85,B,900
100330,12.86,B,1000
100330,12.86,B,600
100330,12.86,B,1000
100330,12.86,B,15400
100330,12.87,B,157
100337,12.83,S,300
100350,12.83,S,1000
100351,12.83,S,800
100353,12.83,B,200
100412,12.86,B,600
100412,12.86,B,1900
100412,12.86,B,100
100412,12.86,B,1000
100412,12.87,B,900
100430,12.86,S,500
100438,12.85,B,400
100446,12.85,B,5700
100446,12.85,B,100
100446,12.85,B,10000
100446,12.86,B,100
100446,12.86,B,38900
100446,12.86,B,600
100446,12.86,B,100
100446,12.87,B,1043
100446,12.87,B,10000
100446,12.87,B,3457
100448,12.83,S,800
100448,12.83,S,200
100448,12.83,S,1000
100500,12.83,B,2100
100500,12.83,B,300
100500,12.83,B,500
100500,12.85,B,2000
100501,12.85,S,100
100502,12.82,S,1000
100502,12.81,S,1000
100502,12.81,S,500
100502,12.81,S,1000
100502,12.8,S,8000
100502,12.8,S,100
100502,12.8,S,100
100502,12.8,S,1000
100502,12.8,S,1000
100503,12.8,B,1800
100503,12.83,B,200
100504,12.83,B,500
100504,12.83,B,100
100504,12.87,B,300
100510,12.83,S,100
100516,12.83,S,800
100521,12.8,S,200
100521,12.79,S,100
100521,12.79,S,200
100521,12.82,B,200
100521,12.83,B,200
100521,12.83,B,300
100529,12.83,B,400
100537,12.83,B,300
100545,12.86,B,700
100545,12.86,B,500
100545,12.86,B,500
100545,12.86,B,700
100546,12.86,S,500
100547,12.86,S,100
100552,12.86,S,500
100552,12.86,S,200
100553,12.86,S,400
100555,12.83,S,200
100555,12.83,S,300
100555,12.83,S,100
100556,12.8,S,600
100556,12.8,S,400
100601,12.83,B,1200
100601,12.86,B,600
100601,12.86,B,500
100601,12.87,B,2243
100601,12.87,B,1000
100601,12.87,B,2000
100601,12.87,B,1500
100601,12.87,B,100
100601,12.87,B,857
100649,12.85,B,2000
100649,12.85,B,100
100649,12.85,B,2000
100649,12.85,B,3000
100651,12.85,S,500
100658,12.86,B,500
100658,12.86,B,1800
100658,12.86,B,300
100658,12.86,B,1400
100704,12.85,S,10000
100705,12.86,B,400
100705,12.86,B,3000
100705,12.86,B,600
100705,12.86,B,1000
100705,12.86,B,600
100705,12.86,B,800
100705,12.86,B,1000
100705,12.87,B,43
100705,12.87,B,2500
100705,12.87,B,500
100705,12.87,B,1000
100705,12.87,B,1000
100705,12.87,B,1000
100705,12.87,B,700
100705,12.87,B,500
100705,12.87,B,800
100705,12.87,B,600
100705,12.87,B,1000
100705,12.87,B,500
100705,12.87,B,2000
100705,12.87,B,300
100705,12.87,B,500
100705,12.87,B,500
100705,12.87,B,5000
100705,12.87,B,1000
100705,12.87,B,500
100705,12.88,B,5000
100705,12.88,B,500
100705,12.88,B,1000
100705,12.88,B,10000
100705,12.88,B,300
100705,12.88,B,1200
100705,12.88,B,400
100705,12.88,B,100
100705,12.88,B,300
100705,12.88,B,1000
100705,12.88,B,700
100705,12.88,B,2157
100705,12.85,S,700
100707,12.87,S,1000
100707,12.88,B,200
100709,12.87,S,1000
100712,12.87,S,600
100715,12.87,S,900
100715,12.87,S,1000
100715,12.86,S,100
100719,12.86,S,200
100724,12.87,S,100
100725,12.87,S,100
100726,12.88,B,3000
100726,12.87,S,800
100728,12.87,S,600
100728,12.86,S,1500
100728,12.87,B,200
100734,12.86,S,1200
100734,12.86,S,800
100734,12.86,S,500
100739,12.86,B,500
100739,12.86,B,1100
100741,12.86,B,4500
100748,12.86,B,5000
100748,12.87,B,4200
100748,12.87,B,1000
100748,12.87,B,2000
100748,12.87,B,500
100748,12.87,B,1000
100748,12.87,B,1000
100748,12.88,B,4643
100748,12.88,B,100
100748,12.88,B,200
100748,12.88,B,357
100751,12.86,S,1000
100752,12.86,S,1000
100757,12.86,S,2000
100758,12.86,S,1000
100801,12.86,S,300
100804,12.87,B,600
100804,12.88,B,643
100804,12.89,B,257
100812,12.87,S,1000
100812,12.87,S,500
100813,12.88,B,800
100814,12.87,S,500
100817,12.87,S,500
100828,12.87,S,400
100828,12.87,S,500
100828,12.87,S,200
100829,12.87,S,800
100829,12.87,S,200
100831,12.88,B,200
100831,12.88,B,100
100831,12.88,B,200
100831,12.88,S,500
100832,12.89,B,200
100834,12.88,S,300
100837,12.89,B,543
100837,12.89,B,500
100837,12.89,B,300
100837,12.89,B,1400
100837,12.89,B,1000
100837,12.89,B,500
100837,12.89,B,1000
100837,12.89,B,4000
100837,12.9,B,3000
100837,12.9,B,3000
100837,12.9,B,700
100837,12.9,B,200
100837,12.9,B,500
100837,12.9,B,200
100837,12.9,B,1100
100837,12.9,B,6200
100839,12.9,S,500
100840,12.9,S,200
100843,12.9,S,200
100844,12.9,S,500
100850,12.91,B,300
100850,12.91,B,400
100850,12.91,B,200
100850,12.91,B,100
100852,12.91,B,100
100901,12.92,B,200
100902,12.91,S,400
100906,12.92,B,300
100906,12.92,B,300
100907,12.92,B,1700
100909,12.91,S,300
100909,12.91,S,1000
100909,12.91,S,700
100909,12.92,B,1000
100909,12.92,B,1000
100916,12.92,S,500
100916,12.92,S,100
100920,12.92,S,500
100925,12.92,S,200
100925,12.92,S,700
100925,12.92,S,200
100925,12.92,S,1000
100926,12.92,S,600
100927,12.92,S,1000
100927,12.93,B,200
100927,12.92,S,18300
100928,12.92,S,10000
100929,12.93,B,800
100929,12.93,B,500
100929,12.93,B,700
100929,12.92,S,800
100930,12.93,B,500
100932,12.93,B,800
100932,12.93,B,1300
100932,12.93,B,400
100932,12.93,B,1000
100932,12.93,B,800
100932,12.93,B,2000
100932,12.93,B,500
100932,12.93,B,4000
100933,12.93,S,4000
100933,12.93,S,500
100933,12.93,S,500
100936,12.95,B,1000
100936,12.95,B,50000
100936,12.95,B,2000
100936,12.95,B,400
100936,12.95,B,1000
100936,12.95,B,600
100936,12.95,B,1500
100936,12.95,B,500
100937,12.95,S,1000
100938,12.95,S,1600
100940,12.95,S,400
100940,12.93,S,4600
100941,12.93,S,500
100946,12.94,S,200
100946,12.93,S,800
100953,12.95,B,100
100953,12.95,B,1200
100953,12.96,B,400
100953,12.96,B,1000
100953,12.96,B,200
100953,12.96,B,1000
100953,12.96,B,1000
100953,12.97,B,200
101001,12.95,B,200
101001,12.95,S,300
101003,12.95,B,4700
101007,12.95,S,300
101007,12.94,S,200
101007,12.93,S,100
101017,12.93,S,2500
101017,12.93,S,500
101018,12.93,S,200
101019,12.95,B,500
101019,12.95,B,500
101019,12.96,B,1000
101019,12.95,S,20000
101020,12.96,B,200
101020,12.96,B,300
101020,12.96,B,500
101021,12.95,S,1000
101022,12.95,S,2000
101022,12.95,S,2100
101022,12.93,S,1400
101022,12.93,S,1500
101024,12.93,S,500
101026,12.95,S,500
101027,12.93,S,100
101029,12.95,B,500
101029,12.95,B,1100
101031,12.93,S,5200
101031,12.93,S,2700
101031,12.92,S,900
101034,12.92,S,5000
101039,12.93,B,1900
101039,12.93,B,500
101039,12.95,B,200
101039,12.95,B,1000
101039,12.95,B,500
101039,12.95,B,100
101039,12.95,S,1000
101043,12.95,S,4800
101043,12.93,S,200
101045,12.93,S,100
101045,12.93,S,1800
101045,12.93,S,1200
101045,12.92,S,15000
101045,12.92,S,3000
101045,12.92,S,800
101050,12.91,S,1000
101051,12.91,S,1700
101051,12.91,S,500
101051,12.91,S,100
101057,12.9,B,100
101057,12.9,B,600
101057,12.93,B,500
101057,12.94,B,900
101059,12.92,B,200
101110,12.88,S,2200
101110,12.88,S,3400
101110,12.88,S,1400
101110,12.88,S,1200
101120,12.91,B,500
101120,12.91,B,1000
101123,12.88,S,100
101125,12.88,S,700
101131,12.88,S,2000
101136,12.89,S,100
101136,12.89,S,1200
101138,12.89,S,1100
101138,12.89,B,100
101138,12.88,S,1000
101140,12.88,S,500
101149,12.89,B,800
101149,12.89,S,200
101149,12.88,S,100
101152,12.88,S,300
101157,12.88,S,2700
101157,12.88,S,1800
101158,12.89,B,2000
101200,12.89,S,1300
101200,12.89,S,3000
101200,12.89,S,100
101201,12.89,S,100
101202,12.89,S,200
101203,12.89,S,500
101207,12.89,S,2000
101214,12.89,S,500
101217,12.89,S,300
101217,12.88,S,200
101217,12.88,S,500
101225,12.89,B,1000
101225,12.89,B,500
101225,12.89,B,900
101225,12.89,B,600
101226,12.89,B,400
101232,12.89,S,600
101236,12.88,S,1000
101237,12.88,S,1000
101240,12.88,S,200
101240,12.88,S,1000
101244,12.88,B,800
101244,12.89,B,400
101247,12.89,B,200
101247,12.9,B,100
101254,12.88,S,2000
101301,12.88,S,2000
101305,12.88,S,1000
101305,12.87,S,1000
101305,12.89,B,200
101312,12.87,S,1000
101315,12.88,S,500
101318,12.88,S,500
101318,12.88,S,2500
101321,12.88,S,1000
101323,12.88,S,900
101335,12.87,S,200
101339,12.87,S,800
101339,12.87,S,700
101347,12.87,S,2000
101349,12.87,S,400
101350,12.87,S,1900
101350,12.86,S,1100
101353,12.87,B,100
101359,12.86,S,3600
101359,12.86,S,600
101359,12.85,S,1700
101359,12.85,S,500
101359,12.85,S,1000
101359,12.85,S,900
101359,12.82,S,2400
101359,12.81,S,200
101359,12.81,S,100
101359,12.81,S,3700
101406,12.86,B,200
101410,12.86,B,200
101423,12.81,S,300
101423,12.8,S,1000
101423,12.8,S,700
101424,12.8,S,2000
101435,12.81,S,1000
101435,12.8,S,300
101445,12.86,B,400
101457,12.86,B,4000
101458,12.86,B,500
101516,12.82,S,20000
101518,12.82,S,1100
101518,12.82,S,500
101521,12.82,B,8400
101521,12.85,B,6600
101531,12.85,S,15000
101537,12.85,B,5000
101539,12.85,B,500
101539,12.86,B,100
101539,12.86,B,900
101539,12.86,B,500
101545,12.82,S,100
101552,12.85,B,2000
101555,12.85,B,2000
101605,12.85,B,900
101609,12.85,S,600
101621,12.85,B,700
101621,12.85,B,600
101624,12.85,B,400
101625,12.85,B,3700
101625,12.85,B,1000
101625,12.86,B,500
101625,12.86,B,300
101625,12.86,B,3300
101626,12.82,S,400
101627,12.82,S,300
101629,12.86,B,500
101648,12.86,B,100
101648,12.86,B,500
101649,12.86,B,5600
101649,12.86,B,200
101649,12.86,B,600
101649,12.86,B,800
101649,12.87,B,1800
101652,12.87,B,100
101700,12.87,B,100
101700,12.87,B,1500
101709,12.86,S,300
101709,12.87,B,1500
101709,12.87,B,2000
101709,12.87,B,500
101711,12.87,B,400
101715,12.87,S,600
101715,12.87,S,500
101715,12.86,S,800
101715,12.86,S,100
101715,12.88,B,300
101720,12.87,S,1000
101720,12.86,S,900
101720,12.86,S,1100
101744,12.88,B,100
101754,12.88,B,500
101754,12.87,S,3800
101756,12.87,S,700
101802,12.87,S,500
101802,12.87,S,200
101802,12.87,S,500
101802,12.86,S,1000
101825,12.86,S,10000
101826,12.86,S,1000
101831,12.87,B,800
101831,12.88,B,1100
101831,12.88,B,100
101833,12.86,S,1000
101900,12.88,B,400
101900,12.88,B,3000
101900,12.88,B,500
101900,12.88,B,900
101900,12.89,B,800
101900,12.89,B,1000
101900,12.89,B,1000
101900,12.89,B,2700
101900,12.89,B,1700
101904,12.87,S,400
101910,12.88,S,500
101910,12.88,S,500
101915,12.87,S,12100
101927,12.87,B,900
101937,12.88,S,100
101948,12.87,S,200
101948,12.87,S,800
102019,12.87,S,100
102019,12.87,S,6000
102019,12.87,S,600
102019,12.87,S,2100
102021,12.88,B,2000
102029,12.88,S,1000
102042,12.88,S,2300
102042,12.88,S,300
102046,12.88,B,400
102059,12.87,S,100
102101,12.87,B,1300
102135,12.86,S,500
102141,12.86,S,1200
102141,12.86,S,500
102141,12.86,S,200
102141,12.86,S,1200
102157,12.85,S,4700
102203,12.85,S,2400
102207,12.86,B,5500
102215,12.86,S,1000
102218,12.86,S,3500
102220,12.86,S,6900
102223,12.86,B,5000
102227,12.86,B,2200
102230,12.86,B,800
102236,12.85,S,2900
102243,12.85,B,1400
102243,12.85,B,1700
102243,12.86,B,700
102243,12.89,B,1000
102243,12.89,B,1000
102243,12.89,B,3000
102243,12.89,B,1000
102243,12.9,B,900
102243,12.9,B,700
102318,12.9,B,3000
102331,12.83,S,800
102331,12.83,S,100
102334,12.83,B,1000
102343,12.83,B,1000
102345,12.83,B,10000
102352,12.83,B,2900
102355,12.83,B,2000
102358,12.83,B,1500
102402,12.82,S,200
102402,12.83,B,3000
102403,12.83,B,100
102406,12.89,B,1000
102406,12.9,B,1000
102419,12.89,B,500
102434,12.87,B,100
102434,12.89,B,100
102434,12.89,B,300
102455,12.89,B,700
102509,12.87,B,500
102509,12.88,B,500
102509,12.89,B,400
102509,12.89,B,500
102509,12.9,B,1000
102509,12.9,B,500
102509,12.9,B,500
102509,12.9,B,100
102509,12.9,B,2000
102509,12.9,B,1600
102509,12.9,B,500
102509,12.9,B,1000
102509,12.9,B,5000
102509,12.9,B,500
102513,12.9,S,400
102513,12.89,S,100
102537,12.89,S,900
102537,12.89,S,600
102550,12.89,B,200
102556,12.85,S,600
102556,12.84,S,400
102608,12.89,B,300
102631,12.89,B,100
102633,12.89,B,200
102633,12.89,B,800
102638,12.88,B,800
102638,12.89,B,200
102638,12.89,B,400
102703,12.88,B,100
102706,12.86,S,300
102706,12.86,S,100
102706,12.85,S,300
102706,12.85,S,1400
102706,12.85,S,200
102706,12.84,S,600
102706,12.84,S,1900
102708,12.88,B,500
102711,12.84,S,1000
102712,12.84,S,100
102712,12.84,S,300
102712,12.83,S,600
102726,12.83,S,300
102726,12.83,S,300
102726,12.83,S,100
102726,12.83,S,3700
102729,12.83,S,1300
102729,12.83,S,500
102729,12.83,S,200
102731,12.86,B,300
102731,12.87,B,3000
102731,12.88,B,4400
102731,12.88,B,300
102740,12.88,S,800
102744,12.88,S,1200
102744,12.88,S,100
102805,12.83,S,500
102814,12.84,S,1000
102814,12.83,S,500
102814,12.83,S,500
102833,12.83,S,1200
102840,12.83,S,300
102840,12.83,S,200
102844,12.88,B,2900
102849,12.83,S,3700
102906,12.82,S,1200
102911,12.82,S,900
102913,12.82,S,200
102913,12.82,S,46
102916,12.82,S,754
102916,12.81,S,246
102929,12.82,B,43
102929,12.82,B,300
102929,12.83,B,157
102931,12.82,B,400
102931,12.83,B,2300
102931,12.81,S,8000
102935,12.82,B,300
102937,12.82,B,3000
102937,12.81,S,111
102937,12.81,S,2000
102948,12.81,S,143
102948,12.81,S,257
102953,12.82,B,200
102954,12.81,S,43
102954,12.81,S,200
102957,12.81,B,200
103005,12.81,B,57
103005,12.81,B,900
103005,12.81,B,300
103008,12.81,S,143
103014,12.81,B,957
103014,12.81,B,100
103021,12.81,S,300
103031,12.81,S,1643
103031,12.81,S,500
103031,12.81,S,100
103031,12.81,S,200
103031,12.81,S,100
103031,12.8,S,1000
103031,12.8,S,2000
103031,12.8,S,1000
103031,12.8,S,800
103031,12.8,S,1000
103031,12.8,S,100
103031,12.8,S,100
103031,12.8,S,600
103031,12.8,S,2000
103031,12.8,S,500
103031,12.8,S,1000
103031,12.8,S,800
103031,12.8,S,1000
103031,12.8,S,1300
103031,12.8,S,3000
103031,12.8,S,500
103031,12.8,S,100
103031,12.8,S,500
103034,12.8,B,2000
103034,12.8,B,1000
103035,12.8,B,100
103048,12.79,B,500
103101,12.78,S,800
103112,12.78,S,500
103117,12.79,B,200
103117,12.79,B,500
103117,12.79,B,5000
103135,12.79,S,6400
103135,12.79,S,200
103135,12.79,S,1000
103149,12.79,B,1000
103202,12.79,B,1400
103202,12.79,B,3600
103202,12.78,S,700
103202,12.78,S,1800
103205,12.78,S,200
103205,12.78,S,100
103205,12.78,S,1000
103205,12.78,S,900
103205,12.78,S,500
103205,12.78,S,500
103205,12.78,S,800
103213,12.79,B,3600
103213,12.79,B,1400
103214,12.78,S,600
103214,12.78,S,400
103216,12.79,B,600
103217,12.78,S,600
103217,12.78,S,1000
103218,12.76,S,600
103218,12.76,S,1000
103218,12.76,S,2000
103218,12.74,S,1000
103218,12.74,S,1000
103218,12.74,S,3000
103218,12.74,S,1743
103228,12.78,B,400
103228,12.78,B,700
103228,12.78,B,800
103229,12.78,S,200
103230,12.78,S,200
103239,12.8,B,300
103248,12.78,S,500
103254,12.78,S,4600
103256,12.78,B,500
103300,12.78,B,1300
103300,12.78,B,3700
103319,12.76,S,200
103319,12.75,S,1000
103319,12.74,S,757
103319,12.74,S,200
103319,12.74,S,1000
103319,12.73,S,1000
103319,12.73,S,300
103319,12.73,S,1000
103319,12.73,S,5000
103332,12.72,S,200
103332,12.71,S,300
103332,12.71,S,1000
103332,12.71,S,300
103332,12.71,S,1000
103332,12.71,S,1000
103332,12.7,S,1200
103332,12.7,S,500
103332,12.7,S,1000
103332,12.7,S,1000
103332,12.7,S,1000
103332,12.7,S,1000
103332,12.7,S,1000
103332,12.7,S,3700
103337,12.73,B,500
103358,12.7,S,1300
103358,12.7,S,100
103358,12.7,S,500
103358,12.7,S,500
103359,12.7,B,200
103402,12.69,S,2000
103402,12.69,S,700
103402,12.68,S,1500
103402,12.68,S,7000
103402,12.68,S,1000
103402,12.67,S,1000
103402,12.67,S,2000
103402,12.67,S,1000
103402,12.66,S,1500
103402,12.66,S,1200
103402,12.65,S,200
103402,12.65,S,200
103402,12.65,S,1000
103402,12.65,S,1000
103402,12.65,S,700
103402,12.64,S,1200
103402,12.64,S,800
103402,12.64,S,1000
103402,12.64,S,500
103402,12.63,S,500
103402,12.63,S,400
103402,12.63,S,100
103402,12.63,S,200
103402,12.62,S,400
103402,12.62,S,500
103402,12.62,S,500
103402,12.62,S,1000
103402,12.61,S,1000
103402,12.61,S,1600
103402,12.61,S,200
103402,12.61,S,1000
103402,12.61,S,1000
103402,12.61,S,500
103402,12.61,S,1500
103402,12.6,S,1700
103402,12.6,S,1400
103404,12.7,B,200
103410,12.69,B,400
103418,12.68,B,500
103423,12.68,B,3500
103423,12.69,B,500
103428,12.62,S,700
103428,12.61,S,300
103428,12.61,S,100
103428,12.61,S,100
103435,12.62,S,1000
103438,12.65,B,1000
103438,12.68,B,500
103438,12.69,B,500
103443,12.63,S,200
103443,12.62,S,4000
103443,12.62,S,500
103443,12.62,S,5300
103449,12.62,S,3600
103449,12.62,S,100
103451,12.63,S,300
103451,12.62,S,300
103451,12.62,S,600
103451,12.62,S,500
103451,12.61,S,100
103451,12.61,S,2000
103451,12.61,S,100
103454,12.62,S,200
103454,12.62,B,5000
103459,12.62,B,1800
103459,12.62,B,200
103503,12.62,B,300
103512,12.63,B,800
103513,12.62,S,700
103513,12.62,S,300
103513,12.62,S,1000
103513,12.62,S,200
103513,12.62,S,100
103513,12.62,S,1700
103514,12.62,S,3300
103514,12.61,S,300
103514,12.61,S,700
103514,12.61,S,2000
103514,12.61,S,1000
103514,12.61,S,2700
103515,12.63,B,500
103519,12.62,S,200
103521,12.63,B,300
103521,12.63,B,5000
103522,12.63,B,100
103523,12.62,S,500
103524,12.62,B,2500
103525,12.63,B,400
103530,12.63,B,1800
103538,12.63,S,200
103538,12.63,S,300
103538,12.63,S,2000
103538,12.63,S,200
103549,12.65,B,100
103551,12.65,B,500
103553,12.65,B,400
103553,12.65,B,600
103555,12.65,B,500
103556,12.65,B,1700
103559,12.63,S,1300
103600,12.65,B,1000
103600,12.63,S,400
103600,12.65,B,1900
103603,12.65,B,2000
103607,12.65,B,700
103607,12.65,B,100
103607,12.64,S,500
103607,12.64,S,500
103607,12.64,S,1000
103608,12.65,B,543
103611,12.65,S,3657
103612,12.65,B,100
103612,12.65,B,500
103612,12.64,S,800
103618,12.65,B,500
103619,12.65,B,100
103620,12.65,B,2000
103626,12.64,S,700
103626,12.64,S,300
103628,12.64,B,400
103628,12.64,B,200
103628,12.64,B,500
103629,12.64,B,1000
103631,12.64,B,400
103631,12.64,B,300
103632,12.64,B,5000
103633,12.64,B,2500
103635,12.64,B,1000
103641,12.64,B,900
103643,12.64,B,500
103643,12.64,B,100
103646,12.64,B,500
103646,12.64,B,700
103646,12.64,B,2000
103649,12.64,B,500
103650,12.64,B,300
103650,12.64,B,1000
103651,12.64,B,2600
103651,12.64,B,2000
103654,12.65,B,1000
103706,12.65,B,2000
103710,12.65,B,143
103712,12.65,S,57
103712,12.65,S,4943
103721,12.68,B,100
103726,12.68,B,2000
103728,12.68,B,1000
103729,12.68,B,1300
103742,12.69,B,2000
103750,12.69,B,100
103756,12.69,B,8000
103756,12.69,B,400
103757,12.69,B,5000
103800,12.69,B,1000
103801,12.69,B,100
103801,12.69,B,200
103803,12.69,B,500
103803,12.69,B,300
103805,12.69,B,200
103807,12.69,B,200
103809,12.69,B,500
103813,12.69,B,500
103814,12.69,B,2400
103839,12.72,B,200
103842,12.72,B,800
103842,12.72,B,200
103856,12.72,B,200
103857,12.72,B,1600
103858,12.72,S,400
103858,12.7,S,1700
103858,12.7,S,100
103918,12.75,B,1000
103919,12.72,S,600
103919,12.72,S,400
103934,12.72,S,97
103941,12.75,B,200
103941,12.75,B,1000
103942,12.75,S,120
103943,12.75,S,500
103945,12.75,S,600
103946,12.75,S,180
103946,12.75,S,300
103946,12.72,S,3
103950,12.72,B,17
103950,12.75,B,500
103950,12.75,S,221
104000,12.75,S,762
104004,12.72,S,300
104004,12.7,S,100
104008,12.75,B,200
104013,12.72,S,1000
104029,12.72,B,1500
104029,12.75,B,800
104033,12.7,S,300
104033,12.7,S,300
104033,12.7,S,700
104033,12.7,S,300
104040,12.73,S,62
104042,12.73,S,438
104044,12.73,B,500
104051,12.73,B,3362
104051,12.73,B,1638
104056,12.72,S,200
104115,12.71,S,600
104118,12.71,S,100
104118,12.7,S,500
104118,12.7,S,400
104118,12.7,S,600
104118,12.7,S,1000
104118,12.7,S,300
104118,12.7,S,100
104147,12.7,S,1100
104149,12.7,S,2800
104149,12.7,S,700
104150,12.7,S,300
104150,12.7,S,600
104159,12.7,B,2100
104159,12.7,B,900
104200,12.7,B,300
104203,12.69,S,600
104203,12.69,S,100
104203,12.69,S,500
104203,12.69,S,1100
104203,12.69,S,900
104203,12.69,S,800
104207,12.69,S,2700
104207,12.69,S,2000
104207,12.69,S,300
104210,12.69,S,700
104210,12.69,S,500
104228,12.68,S,1300
104234,12.68,S,400
104234,12.68,S,100
104234,12.68,S,200
104239,12.68,S,800
104239,12.68,S,500
104242,12.68,S,500
104242,12.68,S,700
104251,12.69,B,1600
104252,12.69,B,500
104301,12.69,B,800
104312,12.69,B,800
104313,12.69,B,5600
104313,12.69,B,10000
104315,12.69,S,4400
104315,12.68,S,800
104318,12.68,S,500
104318,12.68,S,500
104330,12.7,B,3000
104351,12.7,S,500
104351,12.7,S,100
104353,12.7,B,400
104354,12.72,B,1800
104354,12.72,B,1200
104400,12.72,B,500
104419,12.74,B,1000
104419,12.74,B,800
104440,12.75,B,238
104440,12.75,B,500
104440,12.75,B,362
104459,12.75,B,138
104459,12.75,B,162
104500,12.75,B,300
104501,12.74,S,3200
104513,12.74,B,100
104527,12.74,B,100
104527,12.74,B,300
104529,12.74,S,2000
104530,12.75,B,38
104530,12.76,B,2000
104530,12.78,B,400
104530,12.79,B,1000
104530,12.79,B,600
104530,12.79,B,1000
104530,12.8,B,1962
104550,12.74,S,600
104606,12.74,S,500
104606,12.74,S,1900
104616,12.79,B,400
104616,12.79,B,100
104622,12.74,S,100
104622,12.74,S,900
104737,12.74,S,800
104737,12.73,S,1100
104737,12.73,S,1000
104737,12.72,S,400
104737,12.71,S,200
104737,12.71,S,500
104737,12.7,S,7000
104809,12.74,S,500
104824,12.76,B,500
104830,12.74,S,1000
104839,12.76,B,500
104842,12.76,S,8700
104900,12.76,S,800
104911,12.76,B,200
104911,12.77,B,1000
104920,12.74,S,1500
104925,12.74,B,500
104933,12.71,S,300
104947,12.71,S,500
105028,12.72,S,500
105041,12.74,B,100
105041,12.74,B,500
105051,12.74,S,600
105113,12.74,S,600
105115,12.74,S,200
105115,12.74,S,197
105120,12.76,B,100
105123,12.76,B,2000
105129,12.74,S,103
105153,12.76,B,400
105157,12.74,S,500
105233,12.76,B,1000
105244,12.76,B,1500
105303,12.76,B,1000
105303,12.76,B,7500
105303,12.76,B,1500
105309,12.76,B,600
105309,12.76,B,3200
105322,12.76,B,1700
105347,12.76,S,500
105358,12.76,S,2400
105358,12.76,S,1000
105358,12.76,S,2000
105358,12.76,S,1000
105407,12.76,B,1000
105410,12.76,B,9800
105416,12.76,B,200
105418,12.76,B,4000
105426,12.74,S,500
105430,12.76,B,4000
105430,12.76,B,300
105430,12.76,B,700
105434,12.76,B,100
105444,12.76,S,2400
105502,12.76,S,100
105511,12.77,B,1500
105511,12.77,B,500
105537,12.77,B,2300
105609,12.77,S,2000
105613,12.77,S,600
105614,12.77,S,85
105617,12.79,B,1000
105624,12.77,S,142
105634,12.78,S,239
105635,12.79,B,500
105635,12.79,B,1000
105635,12.79,B,1000
105635,12.79,B,12000
105635,12.79,B,8900
105635,12.8,B,1000
105635,12.8,B,1000
105635,12.8,B,500
105635,12.8,B,500
105642,12.8,S,34
105644,12.8,S,500
105652,12.81,B,1000
105655,12.81,S,1000
105703,12.82,B,100
105703,12.82,B,600
105711,12.82,S,500
105717,12.82,S,1500
105717,12.82,S,700
105720,12.82,S,1300
105720,12.82,S,800
105727,12.82,B,500
105727,12.82,B,400
105732,12.82,B,5000
105738,12.81,S,1000
105739,12.81,S,1000
105739,12.81,S,500
105744,12.81,S,500
105744,12.81,S,500
105745,12.81,S,1500
105745,12.8,S,18500
105746,12.82,B,900
105809,12.81,B,500
105816,12.8,S,4566
105819,12.8,B,434
105824,12.8,S,566
105840,12.8,B,434
105840,12.8,B,10000
105844,12.8,S,500
105849,12.8,S,100
105856,12.8,S,2362
105857,12.81,B,500
105857,12.81,B,600
105857,12.81,B,400
105857,12.81,B,600
105857,12.81,B,600
105857,12.82,B,300
105900,12.8,S,1000
105901,12.8,S,400
105904,12.8,S,2104
105929,12.78,S,2400
105934,12.78,S,500
105934,12.8,B,500
105949,12.78,S,500
110010,12.79,B,1000
110016,12.79,S,400
110035,12.8,B,396
110035,12.8,B,500
110059,12.8,S,200
110059,12.81,B,1000
110104,12.81,S,500
110113,12.82,B,700
110113,12.82,B,1100
110118,12.81,S,200
110127,12.81,S,300
110147,12.8,S,100
110200,12.81,B,100
110203,12.8,S,1000
110209,12.8,S,800
110219,12.81,B,100
110219,12.81,B,100
110220,12.8,S,2104
110220,12.8,S,896
110224,12.8,S,1000
110225,12.8,S,104
110225,12.8,S,896
110230,12.8,S,100
110231,12.8,S,4
110241,12.79,S,3600
110249,12.79,S,500
110256,12.79,S,500
110258,12.79,S,4000
110258,12.79,S,3000
110307,12.78,S,3700
110313,12.78,S,1000
110313,12.78,S,1000
110314,12.78,S,661
110314,12.78,S,100
110314,12.78,S,11500
110314,12.78,S,5000
110314,12.78,S,400
110314,12.77,S,2473
110314,12.76,S,1400
110314,12.76,S,10000
110314,12.76,S,3466
110325,12.78,B,500
110328,12.76,S,1534
110328,12.75,S,466
110332,12.75,S,534
110332,12.74,S,200
110332,12.74,S,2000
110332,12.74,S,200
110332,12.74,S,100
110332,12.74,S,200
110346,12.72,S,700
110353,12.72,S,1800
110353,12.72,S,2000
110353,12.72,S,200
110404,12.72,B,800
110409,12.72,B,200
110409,12.72,B,800
110412,12.71,S,1000
110419,12.72,B,600
110420,12.72,S,400
110420,12.71,S,4400
110451,12.71,S,2200
110459,12.71,S,275
110510,12.71,S,209
110510,12.71,S,1000
110518,12.71,S,16
110523,12.71,S,300
110528,12.72,S,500
110528,12.71,S,600
110528,12.71,S,700
110531,12.71,B,1000
110545,12.71,B,1000
110550,12.71,B,200
110550,12.7,S,1000
110550,12.7,S,500
110550,12.7,S,600
110602,12.69,S,2000
110620,12.69,S,1100
110620,12.69,S,600
110632,12.7,B,800
110632,12.7,B,200
110708,12.7,S,300
110708,12.7,S,200
110710,12.71,B,2000
110720,12.71,B,200
110721,12.7,S,1000
110727,12.71,B,3800
110751,12.73,B,500
110838,12.73,S,100
110845,12.73,B,300
110859,12.73,B,100
110900,12.73,B,200
110914,12.73,S,300
110929,12.73,S,100
110947,12.73,S,200
110952,12.73,S,100
110952,12.73,S,200
110955,12.73,S,300
110955,12.73,S,1000
110957,12.73,B,1200
111015,12.71,S,100
111023,12.71,S,500
111024,12.71,S,1100
111035,12.7,S,500
111038,12.7,S,300
111038,12.7,S,500
111038,12.7,S,200
111039,12.7,S,400
111039,12.7,S,100
111039,12.7,S,500
111040,12.7,S,200
111040,12.7,S,500
111052,12.69,S,200
111052,12.69,S,400
111052,12.69,S,1300
111052,12.69,S,3766
111056,12.69,S,1234
111059,12.68,S,3000
111059,12.68,S,1000
111059,12.68,S,1000
111059,12.68,S,100
111114,12.69,B,100
111119,12.68,S,700
111124,12.68,S,1000
111128,12.68,S,300
111129,12.68,S,500
111144,12.68,S,1600
111145,12.69,B,100
111146,12.68,S,800
111148,12.68,S,1000
111152,12.68,S,300
111155,12.68,S,100
111159,12.68,S,1600
111159,12.68,S,300
111159,12.68,S,200
111159,12.67,S,400
111200,12.67,B,400
111200,12.69,B,400
111215,12.66,S,1000
111221,12.66,S,1000
111224,12.66,S,1200
111232,12.66,S,500
111234,12.66,S,1300
111234,12.66,S,500
111234,12.66,S,1000
111234,12.66,S,700
111234,12.66,S,600
111234,12.66,S,1000
111234,12.66,S,500
111241,12.65,S,57
111241,12.65,S,2943
111245,12.65,S,2000
111251,12.65,S,1000
111251,12.65,S,5000
111253,12.65,S,1000
111255,12.65,S,200
111302,12.65,S,2500
111305,12.65,S,300
111312,12.65,S,5057
111312,12.65,S,2943
111320,12.65,S,2057
111320,12.65,S,100
111320,12.65,S,500
111320,12.65,S,500
111320,12.65,S,400
111320,12.65,S,200
111320,12.65,S,1000
111320,12.65,S,600
111320,12.65,S,3100
111324,12.65,B,500
111337,12.64,S,400
111337,12.64,S,100
111337,12.64,S,200
111337,12.64,S,1100
111340,12.64,B,400
111341,12.64,B,2000
111343,12.64,B,800
111343,12.65,B,200
111346,12.64,B,500
111346,12.65,B,300
111406,12.65,B,443
111406,12.65,B,2000
111406,12.65,B,100
111406,12.65,B,300
111406,12.65,B,200
111406,12.65,B,2000
111408,12.65,S,2300
111411,12.65,S,1000
111427,12.69,B,100
111427,12.65,S,300
111428,12.65,S,1000
111440,12.69,B,100
111457,12.7,B,400
111457,12.7,B,800
111502,12.7,S,600
111507,12.7,S,500
111519,12.72,B,500
111520,12.7,S,2700
111520,12.7,S,900
111520,12.7,B,400
111520,12.72,B,1000
111539,12.73,B,900
111541,12.72,S,600
111541,12.72,S,300
111606,12.72,B,400
111606,12.73,B,3600
111609,12.69,S,200
111642,12.67,S,100
111642,12.66,S,1000
111658,12.68,B,500
111658,12.68,B,500
111701,12.66,S,900
111701,12.66,S,100
111701,12.68,B,100
111711,12.67,S,100
111712,12.67,S,400
111712,12.66,S,600
111738,12.66,S,300
111738,12.66,S,10266
111745,12.66,S,1000
111746,12.66,S,100
111755,12.66,S,1000
111756,12.66,S,4500
111802,12.68,B,200
111806,12.66,S,1500
111808,12.66,S,1634
111808,12.66,S,500
111808,12.66,S,500
111808,12.66,S,100
111808,12.66,S,100
111814,12.66,B,100
111823,12.66,B,500
111824,12.65,S,100
111824,12.65,S,200
111824,12.65,S,100
111824,12.64,S,200
111837,12.64,S,100
111837,12.64,S,900
111837,12.64,S,100
111837,12.64,S,100
111837,12.63,S,300
111845,12.65,B,1000
111850,12.64,S,1000
111850,12.63,S,700
111850,12.63,S,300
111854,12.63,S,100
111854,12.63,S,200
111856,12.65,B,100
111858,12.64,S,600
111858,12.63,S,300
111858,12.63,S,1000
111858,12.63,S,100
111859,12.63,S,800
111904,12.63,S,1300
111908,12.63,S,1500
111908,12.63,S,2000
111908,12.63,S,500
111908,12.62,S,200
111908,12.62,S,200
111908,12.62,S,2000
111908,12.62,S,600
111908,12.62,S,1000
111908,12.62,S,400
111908,12.62,S,1000
111908,12.61,S,100
111908,12.61,S,300
111908,12.61,S,300
111908,12.61,S,200
111930,12.62,S,100
111931,12.61,S,300
111931,12.61,S,1000
111931,12.61,S,200
111931,12.61,S,300
111934,12.62,B,600
111934,12.63,B,300
111959,12.62,B,100
111959,12.62,B,200
112000,12.62,B,500
112018,12.61,S,100
112018,12.61,S,600
112018,12.61,S,300
112020,12.61,S,500
112021,12.62,B,200
112021,12.62,B,200
112033,12.62,S,100
112033,12.61,S,200
112033,12.61,S,100
112037,12.62,S,700
112042,12.62,S,200
112042,12.62,S,100
112042,12.61,S,900
112045,12.63,B,1000
112048,12.61,S,1000
112048,12.61,S,900
112048,12.62,B,1000
112053,12.61,S,100
112053,12.61,S,2400
112058,12.61,S,200
112102,12.61,S,400
112104,12.62,B,1000
112107,12.62,S,1000
112111,12.61,S,2000
112111,12.61,S,500
112111,12.61,S,500
112111,12.61,S,1000
112111,12.61,S,1000
112120,12.63,S,100
112120,12.63,S,500
112120,12.62,S,1000
112120,12.62,S,2000
112120,12.61,S,1800
112123,12.62,B,1000
112130,12.62,S,500
112130,12.61,S,200
112130,12.61,S,300
112130,12.61,S,300
112130,12.61,S,7400
112130,12.61,S,1000
112130,12.61,S,2000
112130,12.61,S,500
112133,12.61,B,1200
112138,12.61,B,500
112140,12.61,B,2000
112141,12.61,B,300
112144,12.61,B,100
112153,12.62,S,800
112155,12.62,S,200
112200,12.62,S,100
112206,12.63,S,1000
112206,12.62,S,1800
112206,12.61,S,2700
112206,12.61,S,200
112206,12.61,S,500
112206,12.61,S,200
112206,12.61,S,1000
112206,12.61,S,1000
112206,12.61,S,500
112206,12.61,S,400
112206,12.6,S,1000
112206,12.6,S,4800
112206,12.6,S,800
112206,12.6,S,400
112206,12.6,S,1000
112206,12.6,S,500
112206,12.6,S,800
112206,12.6,S,300
112206,12.6,S,300
112206,12.6,S,500
112214,12.64,B,5000
112216,12.64,S,300
112217,12.64,S,600
112222,12.64,S,2500
112240,12.65,B,400
112250,12.65,B,500
112252,12.65,B,300
112255,12.65,B,1700
112255,12.65,B,300
112255,12.65,B,100
112255,12.65,B,1900
112259,12.64,S,1600
112259,12.64,S,2000
112259,12.64,S,5000
112303,12.64,B,1400
112303,12.65,B,100
112303,12.65,B,400
112307,12.65,B,200
112313,12.65,B,600
112315,12.65,B,500
112315,12.65,B,1000
112322,12.65,B,4200
112324,12.65,B,2700
112332,12.65,S,300
112340,12.66,B,1566
112349,12.66,S,500
112357,12.66,S,34
112357,12.66,S,700
112401,12.66,B,800
112402,12.66,B,200
112404,12.66,B,300
112410,12.66,B,200
112412,12.66,B,1000
112414,12.66,B,800
112421,12.65,S,2400
112421,12.65,S,1000
112439,12.65,B,600
112439,12.65,B,100
112505,12.65,S,1300
112505,12.65,S,500
112505,12.65,S,900
112516,12.64,S,600
112516,12.64,S,500
112516,12.64,S,500
112518,12.64,B,2000
112519,12.64,B,500
112520,12.65,B,100
112527,12.65,B,1400
112535,12.64,S,200
112540,12.64,B,100
112542,12.64,B,100
112542,12.65,B,200
112549,12.65,B,600
112549,12.65,B,500
112612,12.65,S,500
112621,12.66,B,466
112621,12.66,B,500
112621,12.66,B,2500
112621,12.66,B,1534
112622,12.66,B,466
112637,12.66,S,34
112637,12.65,S,100
112637,12.65,S,200
112637,12.65,S,400
112701,12.65,B,500
112723,12.65,B,300
112737,12.65,B,300
112742,12.62,S,500
112742,12.62,S,700
112742,12.62,S,1300
112747,12.65,B,166
112747,12.65,B,800
112747,12.65,S,100
112755,12.65,S,1100
112756,12.66,B,2000
112756,12.66,B,2000
112800,12.66,S,1000
112800,12.65,S,4000
112813,12.65,S,200
112829,12.66,B,200
112830,12.65,S,200
112832,12.65,S,100
112836,12.65,S,334
112836,12.65,S,600
112836,12.64,S,66
112852,12.65,S,1000
112852,12.64,S,334
112853,12.64,B,200
112908,12.64,B,466
112908,12.64,B,400
112915,12.64,S,500
112949,12.64,S,200
112951,12.64,S,634
130002,12.63,S,1000
130002,12.63,S,1000
130002,12.63,S,400
130003,12.62,S,700
130003,12.62,S,300
130003,12.63,B,100
130006,12.63,B,1000
130033,12.63,B,500
130033,12.63,B,8
130041,12.63,S,3392
130041,12.62,S,608
130101,12.62,S,92
130101,12.62,S,1908
130114,12.62,S,92
130114,12.62,S,708
130241,12.62,S,292
130241,12.62,S,100
130246,12.62,B,100
130254,12.61,S,2000
130308,12.6,S,100
130327,12.6,S,400
130327,12.6,S,500
130327,12.6,S,2000
130327,12.6,S,300
130327,12.6,S,1800
130330,12.6,S,200
130330,12.6,S,1000
130330,12.6,S,1600
130330,12.6,S,500
130330,12.6,S,1000
130330,12.6,S,100
130330,12.6,S,400
130330,12.6,S,2000
130330,12.6,S,100
130330,12.6,S,300
130330,12.6,S,200
130334,12.6,S,100
130334,12.6,S,200
130334,12.6,S,300
130334,12.6,S,1000
130334,12.6,S,300
130334,12.6,S,500
130334,12.6,S,500
130356,12.59,S,300
130356,12.59,S,3000
130408,12.58,S,300
130408,12.58,S,300
130408,12.58,S,1000
130408,12.58,S,500
130408,12.58,S,500
130408,12.58,S,1400
130432,12.59,B,700
130438,12.59,S,100
130438,12.59,S,200
130438,12.58,S,700
130451,12.58,S,4000
130500,12.58,S,1000
130515,12.58,S,2000
130527,12.58,S,200
130546,12.58,S,6200
130559,12.58,S,4000
130614,12.6,B,100
130617,12.6,B,100
130618,12.6,B,100
130623,12.6,B,600
130628,12.58,S,3000
130632,12.6,B,100
130639,12.59,B,500
130639,12.59,B,500
130641,12.59,B,100
130641,12.6,B,500
130655,12.6,B,3000
130702,12.6,B,1000
130705,12.6,B,1400
130712,12.6,B,200
130712,12.6,B,400
130712,12.59,S,1000
130714,12.6,B,300
130714,12.6,B,100
130716,12.6,S,300
130727,12.6,S,600
130735,12.61,B,2500
130742,12.61,B,500
130753,12.61,B,800
130758,12.61,B,1200
130806,12.61,B,2000
130814,12.6,S,200
130814,12.6,S,800
130819,12.61,B,200
130827,12.61,B,800
130829,12.61,S,200
130829,12.6,S,200
130844,12.62,B,300
130848,12.61,S,20
130853,12.61,S,700
130854,12.62,B,500
130855,12.62,B,400
130903,12.61,S,2280
130906,12.61,B,200
130921,12.61,B,5000
130928,12.61,B,100
130935,12.61,B,300
130937,12.61,B,700
130944,12.61,B,3420
130944,12.61,B,500
131012,12.62,B,300
131014,12.62,B,808
131054,12.64,B,66
131054,12.64,B,100
131054,12.64,B,634
131056,12.64,B,66
131107,12.64,S,934
131107,12.64,S,266
131113,12.65,B,100
131113,12.68,B,900
131113,12.68,B,4100
131113,12.68,B,100
131128,12.68,S,1000
131129,12.68,S,700
131135,12.68,S,600
131151,12.68,B,100
131159,12.65,S,500
131200,12.67,B,800
131200,12.68,B,1600
131200,12.68,B,50
131200,12.69,B,100
131200,12.69,B,450
131223,12.69,B,500
131229,12.65,S,500
131229,12.65,S,300
131229,12.65,S,300
131229,12.65,S,1000
131235,12.65,S,404
131243,12.65,S,96
131248,12.65,B,200
131256,12.64,S,1800
131301,12.64,S,2934
131321,12.63,S,2
131326,12.63,S,1498
131326,12.63,S,300
131342,12.62,S,600
131346,12.62,S,592
131346,12.62,S,8
131352,12.62,S,492
131352,12.62,S,508
131355,12.62,S,492
131407,12.62,B,108
131407,12.63,B,2892
131410,12.62,B,255
131420,12.62,S,43
131427,12.62,S,1000
131437,12.62,S,502
131443,12.62,B,100
131444,12.62,B,498
131445,12.62,S,2
131445,12.61,S,298
131446,12.63,B,1000
131455,12.62,S,3000
131455,12.61,S,382
131455,12.61,S,1000
131455,12.61,S,818
131508,12.61,S,182
131508,12.61,S,500
131508,12.61,S,300
131508,12.61,S,1000
131548,12.6,S,800
131604,12.6,S,200
131604,12.6,S,400
131620,12.61,B,18
131620,12.61,B,1000
131620,12.61,B,182
131624,12.61,B,18
131624,12.61,B,88
131624,12.62,B,68
131624,12.63,B,626
131638,12.62,S,2000
131638,12.6,S,100
131638,12.6,S,500
131638,12.6,S,500
131638,12.6,S,1000
131638,12.6,S,300
131638,12.6,S,2600
131638,12.6,S,100
131638,12.6,S,500
131638,12.6,S,1000
131638,12.6,S,200
131638,12.6,S,100
131638,12.59,S,300
131638,12.59,S,1000
131638,12.59,S,4000
131645,12.6,S,500
131645,12.6,S,1000
131645,12.6,S,200
131654,12.6,B,1000
131659,12.6,B,500
131703,12.6,B,966
131727,12.63,B,200
131812,12.61,S,3000
131812,12.61,S,900
131814,12.61,S,100
131827,12.61,B,400
131905,12.63,B,1000
131915,12.63,B,1000
131930,12.62,S,800
131930,12.62,S,400
131932,12.63,B,500
131937,12.63,B,200
131938,12.63,B,784
131938,12.63,B,216
131939,12.63,B,3000
131940,12.63,B,784
131940,12.63,B,200
131940,12.63,S,1
131956,12.63,S,200
131956,12.63,S,4415
131956,12.63,S,400
131956,12.62,S,800
131956,12.62,S,200
131956,12.62,S,2000
131956,12.62,S,2185
132004,12.63,S,2100
132004,12.63,S,300
132030,12.63,S,700
132030,12.63,S,200
132030,12.63,S,100
132033,12.63,S,100
132041,12.63,B,400
132041,12.63,B,50
132041,12.65,B,50
132042,12.65,B,50
132045,12.66,S,250
132045,12.63,S,250
132101,12.67,B,100
132128,12.65,S,1000
132132,12.67,B,1600
132205,12.69,B,50
132205,12.69,B,750
132207,12.69,B,250
132215,12.69,S,1700
132229,12.69,S,3000
132230,12.69,S,1050
132235,12.69,B,150
132235,12.7,B,300
132235,12.7,B,300
132241,12.69,S,50
132241,12.69,S,50
132241,12.7,B,300
132300,12.7,B,200
132322,12.7,S,100
132322,12.7,S,800
132326,12.7,B,100
132326,12.7,B,1000
132326,12.71,B,900
132333,12.69,S,300
132356,12.69,S,50
132357,12.69,B,950
132357,12.7,B,500
132357,12.7,B,2000
132357,12.7,B,50
132357,12.7,S,1200
132415,12.7,S,800
132443,12.67,S,1000
132447,12.67,S,244
132457,12.67,S,156
132457,12.67,S,125
132503,12.67,S,375
132503,12.67,S,2000
132504,12.67,B,200
132506,12.67,B,1000
132511,12.67,B,200
132516,12.65,S,500
132516,12.65,S,5000
132516,12.65,S,4500
132521,12.67,B,400
132530,12.65,S,10000
132533,12.65,S,100
132539,12.65,S,500
132540,12.65,S,5000
132547,12.65,S,106
132556,12.65,S,369
132558,12.65,S,4525
132558,12.65,S,700
132600,12.65,B,1000
132603,12.65,B,500
132628,12.65,B,200
132648,12.65,B,1500
132707,12.64,S,100
132712,12.65,B,500
132714,12.64,S,1200
132718,12.65,B,1075
132718,12.65,B,11
132718,12.65,B,43
132718,12.65,S,371
132718,12.64,S,1329
132723,12.64,S,1000
132738,12.64,S,500
132746,12.64,S,1
132746,12.64,S,700
132810,12.67,B,200
132816,12.64,S,170
132816,12.64,S,1000
132816,12.64,S,100
132816,12.64,S,2100
132816,12.64,S,30
132829,12.64,S,50
132829,12.64,S,1920
132829,12.64,S,200
132833,12.64,B,1500
132841,12.63,S,5000
132841,12.63,S,500
132841,12.63,S,4500
132845,12.63,S,396
133014,12.63,S,104
133014,12.62,S,896
133038,12.63,S,300
133038,12.62,S,200
133050,12.62,S,6500
133055,12.63,S,200
133055,12.62,S,1004
133055,12.62,S,600
133055,12.62,S,196
133056,12.62,S,104
133119,12.61,S,1000
133119,12.61,S,500
133127,12.61,S,1000
133127,12.61,S,2600
133130,12.62,B,600
133132,12.61,S,300
133134,12.62,B,296
133134,12.62,B,100
133134,12.62,B,101
133135,12.62,S,51
133135,12.62,S,152
133135,12.61,S,848
133136,12.61,S,115
133145,12.61,S,1137
133145,12.61,S,1000
133145,12.61,S,2000
133145,12.61,S,2000
133145,12.61,S,700
133145,12.6,S,4034
133145,12.6,S,500
133145,12.6,S,1000
133145,12.6,S,2000
133145,12.6,S,29
133149,12.6,S,471
133149,12.6,S,100
133149,12.6,S,100
133149,12.6,S,829
133152,12.6,S,171
133152,12.6,S,829
133153,12.6,S,171
133153,12.6,S,500
133153,12.59,S,429
133155,12.61,B,441
133155,12.61,B,159
133159,12.59,S,600
133212,12.6,B,2000
133215,12.59,S,1000
133219,12.59,S,571
133219,12.59,S,429
133232,12.59,S,300
133234,12.59,S,303
133243,12.59,S,400
133244,12.59,S,625
133245,12.59,S,241
133247,12.59,S,3702
133247,12.59,S,98
133250,12.59,S,400
133251,12.59,S,1000
133254,12.59,S,8102
133254,12.59,S,1898
133254,12.59,S,2000
133255,12.59,S,100
133304,12.59,S,800
133307,12.59,S,202
133308,12.59,B,798
133309,12.59,S,202
133318,12.59,B,900
133323,12.58,S,1300
133323,12.58,S,1000
133323,12.58,S,1000
133323,12.58,S,200
133323,12.58,S,300
133323,12.58,S,300
133327,12.58,S,700
133327,12.58,S,1000
133327,12.58,S,300
133329,12.58,S,700
133329,12.58,S,200
133329,12.58,S,900
133329,12.58,S,400
133331,12.58,S,500
133344,12.58,S,100
133346,12.58,S,300
133346,12.58,S,500
133346,12.58,S,500
133400,12.57,S,1000
133400,12.57,S,1000
133403,12.57,S,1600
133403,12.57,S,800
133403,12.57,S,300
133403,12.56,S,200
133403,12.56,S,300
133403,12.56,S,500
133403,12.56,S,200
133403,12.56,S,400
133405,12.56,S,600
133405,12.56,S,800
133405,12.56,S,300
133405,12.56,S,400
133405,12.56,S,17900
133406,12.56,S,1000
133408,12.57,B,500
133411,12.57,B,200
133411,12.57,B,300
133415,12.56,S,2700
133416,12.57,B,9000
133418,12.56,S,400
133420,12.56,S,7800
133422,12.56,S,1500
133424,12.56,S,2700
133425,12.56,S,500
133429,12.57,B,500
133430,12.57,B,1400
133430,12.57,B,100
133435,12.56,S,1200
133435,12.56,S,100
133454,12.56,B,300
133454,12.55,S,1000
133454,12.55,S,500
133454,12.55,S,900
133454,12.55,S,800
133454,12.55,S,1000
133454,12.55,S,300
133454,12.55,S,100
133454,12.55,S,300
133454,12.55,S,1100
133454,12.55,S,3400
133454,12.55,S,400
133459,12.54,S,100
133500,12.55,B,1000
133509,12.55,B,100
133511,12.55,B,100
133514,12.55,B,400
133514,12.55,B,100
133516,12.54,S,400
133516,12.54,S,800
133522,12.54,S,200
133522,12.55,B,1800
133526,12.54,S,100
133533,12.55,B,300
133534,12.55,B,2000
133534,12.55,B,800
133534,12.55,B,200
133540,12.55,B,800
133540,12.55,B,4200
133542,12.54,S,6700
133542,12.54,S,2000
133542,12.54,S,900
133545,12.54,S,900
133547,12.55,B,800
133549,12.54,S,200
133550,12.54,B,100
133553,12.54,B,700
133557,12.55,S,500
133600,12.55,S,100
133601,12.55,S,700
133601,12.55,S,200
133601,12.55,S,200
133611,12.56,B,3000
133612,12.56,B,100
133617,12.56,B,1000
133619,12.56,B,300
133621,12.56,B,1000
133622,12.56,B,1000
133624,12.56,B,500
133624,12.56,B,100
133626,12.56,S,41
133633,12.57,B,100
133635,12.57,S,200
133635,12.56,S,400
133639,12.57,S,98
133641,12.57,S,402
133641,12.57,S,400
133641,12.56,S,1059
133641,12.56,S,1000
133641,12.56,S,300
133641,12.56,S,1000
133641,12.56,S,1139
133652,12.58,B,700
133711,12.59,B,3500
133711,12.59,B,1000
133730,12.59,S,100
133739,12.61,B,500
133744,12.61,B,341
133748,12.61,S,600
133758,12.61,S,2059
133758,12.61,B,1000
133814,12.6,S,100
133814,12.6,S,200
133822,12.6,S,1000
133835,12.6,S,800
133835,12.6,S,500
133842,12.59,S,2000
133850,12.59,S,500
133850,12.59,S,900
133850,12.59,S,500
133850,12.59,S,600
133914,12.57,S,1200
133914,12.57,S,100
133914,12.57,S,600
133914,12.57,S,2100
133925,12.57,S,200
133928,12.57,S,29
133931,12.57,S,100
133934,12.57,S,771
133934,12.57,S,200
133950,12.56,S,7000
133952,12.56,S,1861
133952,12.56,S,500
133952,12.56,S,200
133954,12.56,B,500
134006,12.56,B,500
134011,12.55,S,200
134011,12.55,S,300
134012,12.55,S,100
134012,12.55,S,300
134013,12.55,S,200
134013,12.55,S,2300
134014,12.55,S,2000
134019,12.55,S,700
134019,12.55,S,300
134024,12.55,S,700
134024,12.55,S,700
134028,12.55,S,300
134028,12.55,S,1000
134028,12.55,S,200
134028,12.55,S,339
134031,12.55,S,400
134031,12.55,S,61
134031,12.55,S,500
134031,12.55,S,39
134038,12.55,S,961
134050,12.54,S,1000
134050,12.54,S,2000
134052,12.54,S,3000
134058,12.53,S,400
134058,12.53,S,2600
134102,12.54,B,100
134110,12.53,S,500
134110,12.53,S,1900
134110,12.53,S,100
134113,12.53,S,100
134113,12.53,S,4000
134113,12.53,S,5000
134113,12.53,S,300
134116,12.52,S,500
134116,12.52,S,500
134119,12.52,S,600
134130,12.53,B,600
134130,12.53,B,1400
134130,12.52,S,400
134133,12.52,S,500
134133,12.52,S,1000
134133,12.52,S,500
134142,12.52,S,500
134142,12.52,S,800
134145,12.52,S,200
134145,12.52,S,1000
134145,12.52,S,500
134145,12.52,S,200
134145,12.52,S,41
134148,12.52,S,59
134148,12.52,S,241
134150,12.52,S,59
134150,12.52,S,341
134152,12.52,S,59
134152,12.52,S,300
134152,12.51,S,1000
134152,12.51,S,1000
134152,12.51,S,18000
134152,12.5,S,41
134153,12.5,S,359
134153,12.5,S,41
134153,12.52,B,1000
134203,12.52,B,500
134203,12.52,B,1300
134207,12.52,B,100
134208,12.5,S,1200
134212,12.5,S,259
134212,12.5,S,1000
134212,12.5,S,1000
134212,12.5,S,500
134212,12.5,S,300
134212,12.5,S,200
134212,12.5,S,4000
134212,12.5,S,500
134212,12.5,S,300
134212,12.5,S,400
134212,12.5,S,1000
134212,12.5,S,241
134212,12.5,S,1759
134212,12.5,S,1000
134212,12.5,S,41
134212,12.5,S,100
134217,12.5,S,359
134217,12.5,S,141
134217,12.5,S,59
134217,12.5,S,241
134219,12.5,S,500
134223,12.5,S,1000
134223,12.5,S,259
134223,12.5,S,100
134223,12.5,S,41
134224,12.5,S,259
134224,12.5,S,100
134224,12.5,S,141
134226,12.52,B,1000
134230,12.51,S,500
134238,12.51,S,500
134238,12.5,S,359
134238,12.5,S,100
134238,12.5,S,1000
134238,12.5,S,500
134238,12.5,S,500
134238,12.5,S,500
134244,12.5,B,500
134258,12.5,B,1441
134258,12.5,B,59
134303,12.49,S,100
134305,12.49,S,200
134305,12.49,S,100
134305,12.49,S,100
134305,12.49,S,1600
134309,12.48,S,1000
134311,12.5,B,1000
134313,12.49,B,200
134313,12.49,B,500
134318,12.49,B,600
134323,12.49,B,700
134323,12.49,B,300
134328,12.49,B,50
134328,12.49,B,363
134328,12.49,B,87
134329,12.48,S,367
134330,12.49,B,113
134330,12.49,B,600
134330,12.49,B,1800
134333,12.49,S,200
134335,12.5,B,1000
134336,12.5,B,941
134336,12.5,B,59
134339,12.49,S,2
134340,12.5,B,1741
134340,12.5,B,3259
134341,12.49,S,285
134341,12.49,S,1715
134347,12.5,B,500
134347,12.5,B,1100
134347,12.5,B,300
134347,12.5,B,200
134352,12.51,B,1000
134353,12.51,S,600
134356,12.51,S,300
134358,12.51,S,800
134404,12.52,B,1000
134407,12.52,B,200
134408,12.52,B,1400
134408,12.52,B,100
134413,12.52,B,100
134413,12.52,B,800
134425,12.52,S,50
134426,12.54,B,200
134433,12.52,S,200
134441,12.54,B,200
134442,12.52,S,100
134446,12.53,S,600
134446,12.52,S,750
134446,12.52,S,1950
134448,12.54,B,500
134449,12.55,B,2939
134449,12.55,B,100
134501,12.55,S,1961
134501,12.54,S,500
134501,12.54,S,500
134501,12.54,S,200
134501,12.54,B,200
134507,12.54,B,200
134507,12.54,B,1439
134507,12.55,B,1561
134510,12.54,S,75
134511,12.55,B,2439
134511,12.55,B,2461
134515,12.55,B,539
134515,12.56,B,5061
134529,12.55,S,200
134529,12.54,S,225
134529,12.54,S,575
134534,12.56,B,2800
134534,12.56,B,500
134540,12.56,B,300
134542,12.56,B,200
134549,12.54,S,400
134555,12.56,B,500
134555,12.56,B,500
134558,12.56,B,1000
134600,12.55,S,1000
134601,12.55,B,200
134611,12.55,B,300
134613,12.55,B,1000
134613,12.55,B,600
134615,12.55,B,200
134622,12.54,S,700
134627,12.54,S,400
134636,12.55,B,200
134641,12.54,S,900
134649,12.54,S,500
134657,12.54,S,1600
134700,12.54,S,2000
134706,12.54,S,400
134711,12.55,B,4000
134712,12.54,S,525
134712,12.54,S,1975
134716,12.54,S,300
134718,12.55,B,100
134719,12.54,S,2725
134727,12.54,B,500
134735,12.54,B,100
134747,12.54,B,200
134751,12.52,S,500
134756,12.52,S,2000
134758,12.54,B,1000
134805,12.54,B,300
134835,12.52,S,500
134840,12.52,S,50
134840,12.52,S,1000
134840,12.52,S,100
134840,12.52,S,100
134840,12.52,S,250
134840,12.54,B,300
134842,12.54,B,100
134925,12.54,B,175
134925,12.54,B,500
134925,12.54,B,425
134927,12.53,S,1000
134927,12.53,S,1000
134928,12.54,B,200
134933,12.54,B,875
134947,12.55,B,1000
134948,12.54,S,900
134948,12.55,B,3300
135012,12.55,B,600
135016,12.55,B,1500
135018,12.54,S,200
135019,12.55,B,1000
135024,12.55,B,500
135025,12.55,B,1000
135032,12.55,B,4000
135036,12.55,B,1000
135038,12.55,B,1000
135038,12.56,B,578
135038,12.56,B,22
135042,12.56,B,978
135042,12.56,B,22
135053,12.56,B,300
135054,12.56,B,100
135055,12.56,B,100
135102,12.56,B,478
135117,12.57,B,1029
135117,12.57,B,500
135120,12.57,S,3471
135120,12.57,S,100
135120,12.56,S,329
135120,12.58,B,200
135133,12.58,B,200
135137,12.58,B,400
135140,12.58,B,1200
135200,12.58,S,800
135201,12.58,S,1500
135204,12.59,B,1000
135204,12.59,B,200
135220,12.6,B,500
135237,12.6,B,1400
135237,12.6,B,100
135240,12.6,B,300
135240,12.6,B,400
135241,12.6,S,300
135241,12.59,S,200
135301,12.6,B,100
135307,12.59,S,400
135323,12.59,S,400
135323,12.59,S,200
135323,12.59,S,400
135340,12.59,S,100
135340,12.58,S,400
135352,12.58,S,600
135354,12.59,B,200
135401,12.58,S,400
135403,12.58,S,200
135416,12.58,S,200
135419,12.58,S,900
135419,12.58,S,500
135419,12.58,S,300
135443,12.57,S,1000
135449,12.57,S,100
135459,12.56,S,2193
135459,12.56,S,200
135459,12.56,S,1407
135507,12.56,S,100
135509,12.56,S,500
135532,12.56,S,50
135538,12.56,S,1000
135544,12.56,S,1500
135614,12.56,S,443
135614,12.56,S,1000
135623,12.56,B,557
135632,12.56,S,300
135637,12.56,S,443
135637,12.55,S,200
135637,12.55,S,800
135637,12.55,S,500
135637,12.55,S,300
135637,12.55,S,57
135647,12.56,B,200
135703,12.57,B,900
135703,12.57,B,100
135703,12.59,B,2800
135703,12.59,B,1000
135705,12.6,S,2500
135708,12.6,S,200
135739,12.63,B,300
135744,12.63,B,1800
135746,12.63,B,300
135746,12.63,B,200
135754,12.63,B,900
135756,12.63,B,900
135756,12.63,B,100
135804,12.63,B,900
135809,12.63,S,1500
135820,12.63,S,200
135828,12.64,B,600
135832,12.64,B,200
135837,12.64,B,2000
135842,12.63,S,1500
135851,12.64,B,1000
135858,12.64,B,100
135911,12.64,B,1000
135948,12.64,B,1680
135948,12.64,B,320
135956,12.64,B,580
135959,12.65,B,500
135959,12.65,B,600
140003,12.64,S,1000
140005,12.64,S,420
140005,12.63,S,900
140005,12.63,S,700
140005,12.63,S,300
140005,12.63,S,4516
140025,12.64,S,2700
140033,12.64,S,1000
140041,12.64,S,1300
140058,12.63,S,484
140059,12.62,S,600
140104,12.63,B,216
140104,12.64,B,100
140104,12.64,B,184
140107,12.62,S,2400
140107,12.61,S,4435
140131,12.61,S,200
140132,12.61,S,365
140132,12.61,S,335
140142,12.61,S,300
140147,12.61,S,365
140147,12.61,S,500
140147,12.61,S,300
140147,12.61,S,3600
140147,12.61,S,500
140151,12.61,B,700
140159,12.61,B,400
140200,12.6,S,6836
140213,12.6,S,400
140215,12.6,S,1000
140226,12.6,S,1000
140249,12.61,B,500
140250,12.61,B,1000
140252,12.6,S,2000
140301,12.6,S,6835
140314,12.6,S,200
140318,12.6,S,4000
140320,12.6,S,229
140320,12.6,S,771
140322,12.6,S,75
140334,12.6,S,154
140334,12.6,S,200
140407,12.59,S,100
140407,12.56,S,500
140407,12.56,S,1000
140407,12.56,S,5000
140407,12.56,S,236
140429,12.59,B,200
140501,12.56,S,264
140501,12.56,S,2000
140501,12.56,S,300
140501,12.56,S,4271
140517,12.56,S,200
140521,12.56,S,3529
140521,12.56,S,3000
140525,12.56,B,700
140538,12.55,S,443
140538,12.55,S,1000
140538,12.55,S,2000
140538,12.55,S,500
140538,12.55,S,57
140539,12.56,B,1000
140556,12.55,S,443
140556,12.55,S,557
140603,12.55,S,4443
140603,12.55,S,2393
140612,12.55,S,6505
140621,12.55,S,1102
140621,12.55,S,1000
140621,12.55,S,1898
140633,12.56,B,200
140651,12.55,S,1000
140654,12.56,B,1300
140654,12.56,S,700
140654,12.55,S,1102
140654,12.55,S,600
140654,12.55,S,1500
140654,12.55,S,500
140654,12.54,S,2433
140736,12.55,S,100
140736,12.55,S,200
140747,12.55,B,500
140750,12.54,S,2567
140750,12.54,S,1000
140750,12.54,S,100
140750,12.54,S,500
140750,12.54,S,2669
140758,12.55,B,200
140808,12.55,B,1000
140811,12.54,S,2331
140811,12.54,S,500
140811,12.54,S,1000
140811,12.54,S,100
140811,12.54,S,1000
140811,12.53,S,2000
140811,12.53,S,5000
140811,12.53,S,500
140811,12.53,S,1000
140811,12.52,S,750
140811,12.52,S,8000
140811,12.52,S,300
140811,12.52,S,3000
140811,12.52,S,1000
140811,12.52,S,500
140811,12.52,S,500
140811,12.51,S,5000
140811,12.51,S,100
140811,12.51,S,5000
140811,12.51,S,100
140811,12.51,S,500
140811,12.5,S,200
140811,12.5,S,100
140811,12.5,S,300
140811,12.5,S,5000
140811,12.5,S,600
140811,12.5,S,5000
140811,12.5,S,200
140811,12.5,S,400
140811,12.5,S,400
140811,12.5,S,100
140811,12.5,S,1000
140811,12.5,S,500
140811,12.5,S,2200
140811,12.5,S,400
140811,12.5,S,200
140811,12.5,S,300
140811,12.5,S,400
140811,12.5,S,7000
140812,12.5,B,400
140814,12.5,B,200
140816,12.5,B,1300
140816,12.5,B,1200
140820,12.5,B,100
140824,12.5,B,1000
140841,12.5,B,400
140842,12.49,S,700
140842,12.49,S,1000
140842,12.49,S,500
140842,12.49,S,500
140842,12.48,S,300
140842,12.48,S,100
140842,12.48,S,200
140842,12.48,S,100
140842,12.48,S,500
140842,12.48,S,1800
140842,12.48,S,300
140842,12.48,S,1000
140842,12.47,S,1000
140842,12.47,S,1000
140845,12.47,B,1000
140845,12.5,B,7400
140847,12.5,B,600
140848,12.5,S,100
140853,12.49,B,500
140854,12.49,S,2700
140855,12.49,S,1200
140856,12.49,S,3500
140856,12.46,S,1000
140856,12.46,S,800
140856,12.46,S,500
140856,12.45,S,1000
140856,12.45,S,35
140903,12.46,B,500
140905,12.45,S,965
140905,12.45,S,35
140913,12.45,S,700
140914,12.46,B,800
140915,12.45,S,200
140920,12.45,S,65
140920,12.45,S,200
140920,12.45,S,935
140920,12.46,B,1800
140920,12.46,B,1000
140928,12.46,S,500
140937,12.47,S,8000
140937,12.46,S,1700
140937,12.46,S,100
140937,12.46,S,200
140939,12.46,S,1816
140947,12.46,S,884
140947,12.46,S,100
140947,12.46,S,16
140954,12.46,S,184
140954,12.46,S,700
140956,12.46,B,1000
141000,12.46,B,500
141001,12.46,B,16
141003,12.55,S,984
141003,12.45,S,1065
141003,12.45,S,200
141003,12.45,S,500
141003,12.45,S,1400
141003,12.45,S,1000
141003,12.45,S,1000
141003,12.45,S,500
141003,12.44,S,100
141003,12.44,S,200
141003,12.44,S,600
141003,12.44,S,800
141003,12.43,S,500
141003,12.43,S,900
141003,12.43,S,1000
141003,12.43,S,100
141003,12.43,S,500
141003,12.42,S,2000
141003,12.42,S,1000
141003,12.42,S,1200
141004,12.42,B,500
141013,12.41,S,300
141013,12.41,S,1000
141013,12.4,S,1800
141031,12.4,S,100
141031,12.4,S,5000
141031,12.4,S,2000
141031,12.4,S,1000
141031,12.4,S,1000
141031,12.4,S,500
141031,12.4,S,300
141031,12.4,S,200
141031,12.4,S,500
141031,12.4,B,100
141032,12.39,S,200
141032,12.39,S,200
141032,12.38,S,2000
141032,12.37,S,500
141032,12.36,S,3100
141035,12.4,B,2300
141035,12.42,B,57700
141035,12.42,B,200
141037,12.4,B,300
141037,12.4,B,1000
141041,12.38,S,2000
141044,12.4,B,900
141044,12.4,B,100
141049,12.38,S,14900
141052,12.4,B,900
141054,12.4,S,100
141054,12.39,S,400
141055,12.38,S,6100
141055,12.37,S,500
141055,12.36,S,1900
141055,12.36,B,200
141056,12.36,B,1000
141058,12.36,B,1000
141101,12.36,B,300
141105,12.36,B,1400
141106,12.36,B,500
141114,12.36,B,2100
141114,12.36,B,7900
141114,12.35,S,400
141114,12.35,S,200
141114,12.35,S,300
141117,12.35,S,500
141117,12.35,S,1000
141117,12.35,S,1200
141117,12.35,S,100
141118,12.35,B,500
141118,12.35,B,500
141118,12.35,B,1900
141120,12.35,B,2000
141127,12.35,B,700
141130,12.35,B,500
141132,12.35,B,1000
141135,12.35,B,500
141136,12.35,B,500
141141,12.36,B,800
141146,12.35,S,100
141146,12.35,S,800
141146,12.36,B,100
141151,12.35,S,200
141151,12.35,S,300
141151,12.36,B,1000
141152,12.36,B,100
141153,12.35,S,200
141153,12.35,S,100
141153,12.35,S,200
141154,12.36,B,500
141200,12.36,B,400
141210,12.36,S,100
141210,12.36,S,200
141210,12.36,S,1500
141210,12.36,S,1000
141210,12.36,S,500
141210,12.36,S,100
141210,12.36,S,100
141210,12.36,S,1000
141210,12.35,S,500
141223,12.45,B,500
141224,12.37,S,200
141224,12.37,S,300
141226,12.39,S,200
141226,12.37,S,200
141233,12.37,S,2500
141235,12.37,B,500
141235,12.37,B,1000
141240,12.38,S,50
141243,12.38,S,950
141243,12.37,S,300
141244,12.37,B,500
141246,12.37,B,250
141250,12.45,B,100
141250,12.45,B,300
141323,12.52,B,2000
141330,12.52,S,300
141332,12.45,S,1100
141332,12.45,S,1200
141332,12.45,S,500
141332,12.45,S,6200
141337,12.45,B,1000
141410,12.51,B,100
141410,12.52,B,200
141410,12.52,B,200
141431,12.51,S,200
141441,12.5,B,1000
141445,12.48,S,200
141447,12.48,B,300
141502,12.49,B,300
141507,12.48,S,700
141507,12.48,S,1300
141507,12.48,S,1000
141507,12.47,S,6700
141512,12.47,B,300
141518,12.49,B,200
141532,12.48,S,2000
141536,12.48,B,500
141540,12.49,B,4000
141559,12.48,B,1000
141602,12.48,B,1000
141602,12.47,S,500
141602,12.47,S,1000
141602,12.46,S,500
141604,12.46,S,2100
141608,12.46,B,1000
141612,12.45,S,2900
141612,12.45,S,1000
141612,12.45,S,200
141612,12.45,S,1500
141612,12.45,S,1400
141622,12.45,S,500
141626,12.45,S,3100
141626,12.44,S,700
141626,12.41,S,600
141626,12.41,S,500
141626,12.4,S,500
141626,12.4,S,500
141626,12.4,S,100
141631,12.45,B,200
141631,12.47,B,1800
141639,12.47,B,200
141705,12.41,S,100
141705,12.41,S,300
141716,12.46,B,500
141716,12.46,B,200
141724,12.41,S,4700
141726,12.41,B,100
141726,12.41,B,5000
141727,12.41,B,100
141729,12.41,B,400
141734,12.41,B,1000
141745,12.41,B,300
141746,12.41,B,200
141747,12.4,S,100
141756,12.4,B,1000
141801,12.4,B,100
141810,12.4,B,200
141811,12.4,B,500
141812,12.39,S,1000
141812,12.39,S,1000
141815,12.39,B,500
141826,12.39,B,100
141828,12.39,B,500
141831,12.39,B,1500
141845,12.4,B,100
141845,12.41,B,1900
141902,12.41,B,500
141902,12.41,B,5000
141913,12.41,B,935
141913,12.41,B,1000
142009,12.42,S,700
142012,12.47,B,500
142013,12.47,B,200
142013,12.47,B,800
142030,12.47,B,200
142030,12.47,B,100
142031,12.47,B,400
142100,12.44,S,300
142103,12.44,B,1700
142110,12.47,B,200
142114,12.47,B,300
142118,12.47,S,100
142141,12.47,S,100
142156,12.49,B,5500
142158,12.5,B,6500
142201,12.5,S,700
142228,12.5,B,200
142231,12.5,B,1000
142233,12.5,B,1400
142234,12.5,B,100
142234,12.5,B,300
142237,12.5,S,1000
142311,12.52,B,1000
142312,12.52,B,1800
142315,12.52,S,200
142315,12.52,S,800
142328,12.52,S,700
142337,12.54,B,400
142337,12.54,B,800
142337,12.54,B,300
142340,12.56,B,1400
142340,12.56,B,1000
142340,12.56,B,700
142341,12.56,S,500
142345,12.56,S,500
142346,12.56,S,2100
142351,12.57,B,200
142357,12.56,S,500
142357,12.54,S,1500
142357,12.52,S,500
142357,12.51,S,500
142357,12.51,S,500
142357,12.51,S,500
142357,12.5,S,1500
142358,12.57,B,200
142358,12.57,B,2800
142358,12.58,B,2100
142358,12.58,B,1000
142358,12.59,B,300
142358,12.59,B,400
142358,12.6,B,146
142358,12.6,B,1000
142358,12.6,B,400
142358,12.6,B,5000
142358,12.61,B,454
142412,12.53,B,500
142429,12.52,S,300
142429,12.51,S,1900
142429,12.51,S,500
142436,12.5,S,2200
142436,12.5,S,300
142436,12.5,S,500
142440,12.51,B,100
142441,12.51,B,200
142445,12.51,B,300
142456,12.51,B,1700
142518,12.53,S,1000
142520,12.53,S,300
142522,12.54,B,1200
142526,12.53,S,2000
142604,12.51,S,500
142621,12.5,S,2500
142621,12.5,S,500
142621,12.5,S,300
142621,12.5,S,200
142648,12.5,B,1500
142648,12.5,B,500
142652,12.5,B,300
142712,12.49,S,1000
142712,12.49,S,500
142722,12.49,B,1200
142754,12.49,B,600
142832,12.48,S,1000
142832,12.48,S,100
142832,12.48,S,500
142832,12.48,S,5000
142838,12.48,B,500
142847,12.47,S,500
142847,12.47,S,500
142921,12.47,S,300
142936,12.47,S,100
142938,12.47,S,200
142944,12.48,B,1000
142958,12.48,B,1100
143006,12.48,B,600
143015,12.48,B,200
143018,12.48,B,1000
143021,12.47,S,900
143027,12.48,B,2000
143042,12.48,B,2000
143049,12.47,S,600
143050,12.47,S,100
143052,12.47,S,300
143052,12.47,S,700
143053,12.48,B,1900
143101,12.48,S,700
143120,12.49,B,500
143138,12.49,B,200
143138,12.49,B,800
143141,12.49,B,400
143142,12.49,B,300
143148,12.49,B,2500
143155,12.5,B,1000
143203,12.5,B,5600
143209,12.5,S,14400
143209,12.49,S,500
143209,12.49,S,2000
143209,12.49,S,1000
143209,12.49,S,300
143209,12.49,S,900
143209,12.49,S,6300
143209,12.49,S,600
143210,12.49,B,1300
143210,12.49,B,1500
143258,12.49,S,400
143258,12.49,S,200
143258,12.49,S,1100
143316,12.5,S,800
143316,12.49,S,1600
143330,12.5,S,1000
143332,12.51,B,200
143348,12.51,B,300
143348,12.51,B,200
143352,12.51,B,500
143353,12.51,B,200
143353,12.51,B,300
143353,12.51,B,500
143353,12.51,B,400
143411,12.53,B,1000
143423,12.53,B,500
143424,12.56,B,500
143424,12.58,B,500
143424,12.58,B,1000
143446,12.6,B,500
143456,12.58,S,400
143456,12.58,S,300
143456,12.58,S,300
143504,12.58,S,500
143516,12.58,S,2000
143516,12.58,S,1200
143516,12.58,S,100
143525,12.58,B,100
143535,12.53,S,100
143539,12.58,B,100
143603,12.53,S,200
143615,12.53,S,100
143615,12.53,S,900
143625,12.53,S,100
143625,12.53,S,300
143627,12.56,B,100
143632,12.53,S,800
143632,12.53,S,3400
143634,12.53,S,4100
143637,12.53,S,1900
143637,12.53,S,200
143637,12.53,S,500
143637,12.52,S,1000
143637,12.52,S,1500
143637,12.51,S,1600
143637,12.51,S,2000
143637,12.51,S,800
143637,12.51,S,5000
143637,12.51,S,1000
143637,12.5,S,14000
143637,12.5,S,1300
143637,12.5,S,100
143637,12.5,S,100
143637,12.5,S,1000
143637,12.5,S,2000
143637,12.49,S,28400
143637,12.49,S,500
143637,12.49,S,300
143659,12.48,S,100
143712,12.49,B,5000
143715,12.49,B,100
143716,12.48,S,200
143716,12.48,S,1800
143716,12.48,S,3200
143716,12.48,S,2000
143716,12.48,S,1000
143717,12.48,B,1100
143721,12.48,B,2800
143729,12.48,B,800
143736,12.47,S,400
143736,12.47,S,600
143750,12.47,S,300
143750,12.47,S,800
143750,12.47,S,200
143750,12.47,S,500
143750,12.47,B,100
143801,12.46,S,500
143801,12.46,S,100
143807,12.47,B,5000
143807,12.47,B,3100
143807,12.47,B,100
143807,12.47,B,1800
143808,12.47,B,1000
143821,12.46,S,200
143825,12.46,S,200
143825,12.46,S,300
143825,12.46,S,400
143832,12.45,S,1000
143848,12.45,S,100
143849,12.45,S,900
143849,12.45,S,100
143851,12.45,S,400
143851,12.45,S,1000
143851,12.45,S,1000
143851,12.45,S,200
143851,12.45,S,2000
143851,12.44,S,200
143851,12.44,S,700
143906,12.45,S,3000
143909,12.45,S,2000
143911,12.45,B,5000
143913,12.45,B,1000
143923,12.45,B,600
143923,12.45,B,400
143932,12.43,S,500
143932,12.43,S,500
143932,12.43,S,1000
143942,12.42,S,500
143942,12.42,S,600
143943,12.43,B,100
143945,12.43,B,1000
143947,12.42,S,1000
143950,12.43,B,1000
143954,12.42,S,2400
143954,12.42,S,500
143954,12.42,S,1100
144002,12.43,B,900
144002,12.43,B,100
144004,12.42,S,3800
144004,12.42,S,500
144004,12.42,S,400
144004,12.41,S,100
144004,12.41,S,100
144004,12.41,S,500
144004,12.4,S,2000
144004,12.4,S,1000
144004,12.4,S,100
144004,12.4,S,100
144004,12.4,S,100
144004,12.4,S,1300
144019,12.4,S,500
144022,12.4,S,200
144022,12.4,S,4800
144023,12.41,B,1100
144028,12.4,S,200
144028,12.4,S,100
144028,12.4,S,100
144028,12.4,S,400
144029,12.4,S,100
144029,12.4,S,1000
144029,12.4,S,100
144029,12.4,S,400
144029,12.4,S,500
144029,12.4,S,1000
144029,12.4,S,1100
144030,12.41,B,1800
144030,12.42,B,8300
144036,12.4,S,500
144046,12.4,S,200
144048,12.4,S,2200
144048,12.4,S,200
144048,12.4,S,500
144048,12.4,S,5000
144048,12.4,S,100
144048,12.4,S,300
144048,12.4,S,5000
144048,12.4,S,500
144049,12.4,B,1200
144049,12.42,B,1700
144049,12.42,B,600
144049,12.42,B,700
144050,12.43,S,600
144051,12.43,S,200
144058,12.4,S,1000
144058,12.39,B,3000
144102,12.4,S,600
144103,12.4,S,600
144104,12.4,S,800
144104,12.4,S,200
144108,12.41,B,200
144109,12.4,S,100
144109,12.4,S,200
144109,12.4,S,700
144118,12.4,B,800
144118,12.4,B,100
144118,12.41,B,100
144121,12.41,B,200
144127,12.4,B,300
144129,12.4,B,500
144133,12.39,S,600
144133,12.38,S,400
144133,12.38,S,1000
144133,12.38,S,400
144133,12.38,S,1000
144133,12.38,S,300
144133,12.38,S,400
144133,12.38,S,2000
144133,12.38,S,2100
144133,12.38,S,500
144133,12.38,S,1000
144133,12.38,S,300
144137,12.39,B,200
144137,12.39,B,1000
144148,12.39,B,100
144148,12.38,S,300
144149,12.38,S,400
144149,12.38,S,600
144149,12.38,S,1000
144149,12.38,S,2000
144149,12.38,S,200
144149,12.38,S,8800
144149,12.37,S,500
144149,12.37,S,200
144149,12.37,S,2000
144149,12.37,S,500
144149,12.37,S,20000
144149,12.37,S,200
144149,12.37,S,2200
144149,12.36,S,1000
144149,12.36,S,600
144149,12.36,S,1000
144149,12.36,S,2000
144149,12.36,S,5000
144149,12.36,S,100
144149,12.36,S,200
144149,12.36,S,1000
144149,12.36,S,300
144149,12.36,S,1400
144149,12.36,S,300
144149,12.36,S,200
144149,12.36,S,1000
144149,12.36,S,100
144149,12.36,S,400
144149,12.35,S,300
144149,12.35,S,700
144149,12.35,S,100
144149,12.35,S,1000
144149,12.35,S,1000
144149,12.35,S,1000
144149,12.35,S,500
144149,12.35,S,1000
144149,12.35,S,500
144149,12.35,S,500
144149,12.35,S,200
144154,12.39,B,500
144154,12.39,B,4000
144154,12.39,B,500
144158,12.38,B,1000
144158,12.39,B,500
144200,12.39,S,400
144202,12.39,S,3100
144202,12.39,S,200
144202,12.39,S,300
144205,12.39,S,700
144205,12.38,S,1000
144205,12.37,S,100
144213,12.37,S,900
144218,12.36,B,200
144226,12.36,B,1000
144227,12.35,S,100
144227,12.35,S,900
144231,12.35,S,600
144231,12.35,S,5000
144231,12.35,S,300
144231,12.35,S,400
144231,12.35,S,100
144231,12.35,S,1000
144231,12.35,S,1000
144231,12.35,S,1000
144231,12.35,S,500
144231,12.35,S,300
144231,12.35,S,600
144231,12.35,S,600
144232,12.36,B,100
144232,12.36,B,1000
144234,12.36,B,1000
144241,12.35,S,1900
144241,12.35,S,2000
144241,12.35,S,100
144241,12.35,S,500
144244,12.35,B,200
144244,12.35,B,1800
144246,12.35,B,1000
144247,12.34,S,1900
144247,12.34,S,300
144247,12.34,S,500
144247,12.34,S,3000
144247,12.34,S,500
144247,12.34,S,1000
144247,12.33,S,1700
144247,12.33,S,11700
144247,12.33,S,5100
144247,12.33,S,3000
144247,12.33,S,2100
144247,12.33,S,7300
144247,12.33,S,7100
144247,12.33,S,7400
144247,12.32,S,2000
144247,12.32,S,5000
144247,12.32,S,400
144247,12.31,S,300
144247,12.31,S,1400
144247,12.31,S,1000
144247,12.31,S,500
144247,12.31,S,500
144248,12.31,B,500
144249,12.31,B,200
144250,12.31,B,300
144253,12.31,B,5300
144253,12.35,B,4200
144253,12.35,B,500
144254,12.35,B,1000
144257,12.35,B,1000
144258,12.35,B,100
144258,12.35,B,300
144258,12.34,S,100
144259,12.35,B,100
144302,12.35,B,100
144303,12.31,S,500
144303,12.31,S,1000
144303,12.3,S,500
144304,12.35,B,1000
144311,12.35,B,1000
144314,12.35,B,5600
144318,12.34,B,200
144318,12.35,B,800
144318,12.35,B,400
144319,12.35,B,100
144319,12.36,B,800
144319,12.36,B,1100
144331,12.36,B,300
144331,12.37,B,600
144336,12.37,S,100
144336,12.36,S,100
144336,12.36,S,2100
144347,12.39,B,500
144351,12.39,B,500
144351,12.39,B,500
144352,12.39,B,400
144355,12.39,B,100
144357,12.4,B,2200
144357,12.4,B,600
144405,12.4,S,800
144425,12.42,S,500
144425,12.4,S,800
144444,12.44,B,600
144449,12.44,B,400
144449,12.44,B,600
144449,12.44,B,200
144450,12.42,S,200
144450,12.41,S,600
144502,12.42,S,400
144503,12.42,B,5000
144507,12.41,S,400
144507,12.41,S,500
144507,12.42,B,300
144510,12.42,B,4300
144510,12.44,B,700
144510,12.45,B,100
144510,12.45,B,400
144510,12.45,B,4500
144515,12.42,S,300
144515,12.41,S,100
144515,12.41,S,400
144515,12.41,S,200
144535,12.44,B,5000
144548,12.44,B,1000
144548,12.45,B,5400
144548,12.45,B,1000
144549,12.45,S,600
144600,12.44,S,100
144600,12.42,S,1000
144600,12.42,S,400
144600,12.42,S,500
144600,12.42,S,300
144602,12.44,B,2000
144609,12.42,S,2700
144609,12.42,S,100
144609,12.42,S,500
144612,12.42,B,1000
144615,12.42,B,1000
144616,12.42,B,1000
144625,12.41,S,2300
144625,12.42,B,500
144628,12.42,B,200
144631,12.42,B,1500
144634,12.42,B,100
144635,12.42,B,700
144636,12.42,B,500
144636,12.41,S,1700
144636,12.41,S,1500
144636,12.41,S,1000
144636,12.41,S,5000
144637,12.41,B,2000
144643,12.4,S,300
144644,12.41,B,1000
144645,12.4,S,300
144645,12.4,S,1000
144645,12.4,S,200
144652,12.4,S,300
144652,12.4,S,500
144652,12.4,S,200
144658,12.4,S,300
144658,12.4,S,700
144658,12.4,S,100
144658,12.4,S,500
144658,12.4,S,200
144704,12.41,B,2000
144707,12.4,S,1000
144708,12.41,B,900
144709,12.4,S,500
144716,12.41,B,1000
144716,12.4,S,5000
144718,12.4,S,200
144718,12.4,S,500
144721,12.4,S,2300
144721,12.4,S,500
144721,12.4,S,400
144721,12.4,S,100
144722,12.4,B,900
144722,12.4,B,100
144722,12.41,B,9000
144723,12.4,B,300
144727,12.4,B,200
144738,12.39,S,200
144738,12.39,S,800
144741,12.39,S,200
144741,12.39,S,5000
144741,12.39,S,300
144741,12.39,S,1000
144741,12.39,S,5000
144741,12.39,S,700
144741,12.39,S,400
144741,12.38,S,100
144741,12.37,S,200
144741,12.36,S,2000
144741,12.36,S,300
144741,12.36,S,2000
144741,12.36,S,3000
144741,12.36,S,500
144741,12.36,S,500
144741,12.35,S,100
144741,12.35,S,200
144741,12.35,S,500
144741,12.35,S,500
144741,12.35,S,500
144741,12.35,S,100
144741,12.35,S,500
144741,12.35,S,200
144744,12.36,B,300
144744,12.36,B,2700
144748,12.39,B,1000
144748,12.39,B,100
144753,12.39,B,300
144756,12.38,S,300
144813,12.36,B,600
144814,12.38,B,100
144815,12.38,B,100
144815,12.38,B,300
144818,12.36,S,2000
144821,12.36,S,800
144823,12.36,S,16600
144823,12.35,S,1000
144823,12.35,S,100
144823,12.35,S,200
144823,12.35,S,2000
144823,12.35,S,500
144823,12.35,S,200
144825,12.35,B,200
144825,12.35,B,1000
144828,12.33,S,1000
144833,12.33,S,9600
144833,12.33,S,400
144835,12.33,S,400
144835,12.33,S,400
144835,12.33,S,500
144835,12.33,S,600
144835,12.32,S,1500
144835,12.32,S,500
144835,12.32,S,1000
144835,12.32,S,100
144835,12.32,S,1500
144835,12.31,S,1000
144835,12.31,S,1000
144835,12.31,S,500
144835,12.31,S,2000
144835,12.31,S,100
144835,12.31,S,7400
144835,12.31,S,1500
144843,12.33,B,2000
144844,12.33,B,1100
144849,12.31,S,500
144850,12.31,S,200
144851,12.31,S,2900
144851,12.31,S,7100
144852,12.32,S,400
144852,12.32,S,1000
144855,12.32,S,600
144858,12.31,S,10000
144859,12.32,B,200
144901,12.32,B,700
144901,12.33,B,300
144906,12.31,S,200
144908,12.31,S,2000
144914,12.31,S,1000
144916,12.33,B,100
144919,12.33,B,200
144925,12.33,B,500
144927,12.33,B,800
144928,12.33,B,500
144928,12.32,S,500
144928,12.33,B,1100
144929,12.33,B,300
144930,12.33,B,1100
144930,12.32,S,3400
144930,12.32,S,200
144930,12.32,S,500
144930,12.31,S,4700
144930,12.31,S,15000
144930,12.31,S,7300
144930,12.31,S,3000
144930,12.31,S,7100
144930,12.31,S,2100
144930,12.31,S,500
144930,12.31,S,500
144930,12.31,S,1000
144930,12.31,S,600
144930,12.31,S,7400
144930,12.31,S,2100
144930,12.31,S,3000
144930,12.31,S,7100
144930,12.31,S,5100
144930,12.31,S,7300
144930,12.31,S,1000
144930,12.31,S,100
144930,12.31,S,800
144931,12.31,B,200
144932,12.31,B,1200
144934,12.31,B,300
144935,12.31,B,500
144935,12.31,B,1000
144936,12.31,B,1000
144938,12.31,B,500
144941,12.31,B,100
144942,12.3,S,4800
144943,12.31,B,1000
144945,12.3,S,200
144947,12.31,B,8000
144948,12.31,B,16900
144948,12.31,B,2600
144950,12.3,S,2000
144950,12.31,B,300
144950,12.31,B,100
144950,12.31,B,1000
144954,12.31,S,2000
144955,12.31,S,3000
144956,12.31,S,2200
144957,12.31,S,1200
145001,12.31,S,1000
145005,12.32,B,1100
145008,12.31,S,1000
145010,12.32,B,200
145010,12.32,B,1000
145010,12.33,B,100
145015,12.31,S,300
145021,12.32,S,1000
145021,12.32,S,500
145021,12.31,S,500
145026,12.32,S,5000
145026,12.32,S,500
145026,12.31,S,1100
145026,12.31,S,10400
145026,12.31,S,1300
145034,12.32,S,300
145035,12.32,S,400
145036,12.32,S,300
145036,12.31,S,8000
145036,12.31,S,5400
145036,12.31,S,10300
145036,12.31,S,200
145038,12.31,S,200
145042,12.31,S,1000
145042,12.31,S,500
145046,12.31,S,4400
145049,12.31,S,300
145051,12.31,S,100
145052,12.32,S,100
145054,12.31,S,300
145056,12.31,S,100
145057,12.32,B,800
145057,12.31,S,1500
145057,12.31,S,500
145101,12.31,S,500
145101,12.31,S,300
145101,12.31,S,500
145101,12.31,S,700
145101,12.3,S,800
145101,12.3,S,1000
145101,12.3,S,200
145101,12.3,S,1000
145101,12.3,S,1000
145101,12.3,S,500
145101,12.3,S,100
145101,12.3,S,1000
145101,12.3,S,1000
145101,12.3,S,2000
145101,12.3,S,1000
145101,12.3,S,500
145101,12.3,S,1000
145101,12.3,S,100
145101,12.3,S,900
145101,12.3,S,1000
145101,12.3,S,200
145101,12.3,S,100
145101,12.3,S,300
145101,12.3,S,500
145101,12.3,S,10000
145101,12.3,S,200
145101,12.3,S,200
145101,12.3,S,10000
145101,12.3,S,200
145101,12.3,S,10000
145101,12.3,S,5000
145101,12.3,S,10000
145101,12.3,S,200
145103,12.3,S,800
145103,12.31,B,100
145109,12.31,B,500
145109,12.3,S,4000
145109,12.3,S,500
145109,12.3,S,1000
145109,12.3,S,200
145109,12.3,S,200
145109,12.3,S,1000
145109,12.3,S,100
145109,12.3,S,400
145109,12.3,S,500
145109,12.3,S,500
145109,12.3,S,200
145109,12.3,S,1000
145109,12.3,S,5000
145109,12.3,S,500
145115,12.3,S,500
145115,12.3,S,2000
145115,12.3,S,800
145115,12.3,S,5000
145115,12.3,S,300
145115,12.3,S,100
145115,12.3,S,2000
145115,12.3,S,8000
145115,12.3,S,200
145115,12.3,S,1000
145115,12.3,S,300
145115,12.3,S,3000
145115,12.3,S,300
145115,12.3,B,100
145116,12.3,B,100
145116,12.3,B,500
145124,12.3,B,1000
145125,12.3,B,5000
145132,12.3,B,2400
145132,12.29,S,200
145132,12.29,S,800
145133,12.29,S,2000
145133,12.3,B,1400
145135,12.29,S,1200
145135,12.29,S,200
145140,12.29,S,100
145142,12.29,S,100
145143,12.29,S,600
145143,12.29,S,100
145144,12.29,S,300
145152,12.28,S,300
145152,12.28,S,500
145152,12.28,S,100
145152,12.28,S,500
145152,12.28,S,2500
145153,12.29,B,200
145153,12.29,B,800
145155,12.28,S,1000
145156,12.29,B,400
145157,12.28,S,4600
145157,12.28,S,1300
145207,12.28,S,800
145209,12.28,S,2800
145211,12.29,B,2000
145212,12.28,S,1000
145212,12.28,S,1000
145213,12.28,S,1100
145213,12.28,S,3900
145216,12.28,S,3900
145216,12.28,S,1100
145218,12.28,S,1200
145218,12.28,S,1300
145219,12.28,S,1000
145219,12.29,B,100
145220,12.28,S,300
145220,12.28,S,700
145220,12.28,S,1300
145221,12.28,S,300
145222,12.29,B,200
145222,12.28,S,3900
145222,12.28,S,500
145222,12.28,S,1000
145222,12.28,S,1000
145222,12.27,S,3600
145222,12.29,B,1000
145224,12.28,B,100
145224,12.28,S,300
145224,12.27,S,700
145225,12.28,B,300
145235,12.28,B,100
145237,12.28,B,100
145238,12.27,S,1000
145238,12.27,S,1000
145238,12.28,B,100
145239,12.28,B,400
145239,12.28,B,1000
145239,12.28,B,2600
145241,12.28,B,1000
145242,12.28,B,500
145242,12.27,S,700
145242,12.27,S,300
145243,12.27,S,100
145243,12.27,B,200
145250,12.27,B,200
145256,12.26,S,100
145256,12.26,S,900
145258,12.26,S,200
145259,12.26,S,2200
145259,12.26,S,4700
145259,12.26,S,2000
145259,12.26,S,1300
145259,12.26,S,5000
145259,12.26,S,4800
145306,12.26,S,100
145306,12.26,S,1600
145306,12.27,B,500
145306,12.27,B,700
145306,12.27,B,800
145311,12.26,S,1000
145311,12.26,S,4900
145311,12.26,S,4600
145312,12.26,B,1900
145315,12.27,B,1200
145316,12.26,S,400
145319,12.26,S,2300
145323,12.26,S,100
145324,12.26,S,300
145324,12.26,S,4000
145325,12.26,S,1000
145325,12.26,B,200
145325,12.26,B,400
145325,12.27,B,500
145340,12.28,B,4100
145341,12.27,S,2100
145341,12.27,S,200
145341,12.27,S,1000
145341,12.27,S,200
145342,12.28,B,1800
145342,12.28,B,500
145348,12.27,S,1000
145348,12.27,S,300
145348,12.28,B,1000
145348,12.28,B,700
145349,12.28,B,500
145349,12.28,B,500
145351,12.27,S,200
145351,12.27,S,100
145351,12.27,S,200
145351,12.27,S,1000
145351,12.27,S,200
145352,12.27,B,1000
145354,12.27,B,10000
145354,12.27,B,100
145355,12.27,B,1000
145356,12.27,B,100
145357,12.27,B,1000
145357,12.27,B,5000
145359,12.27,B,200
145359,12.27,B,100
145401,12.27,B,200
145404,12.27,B,1000
145405,12.27,B,100
145406,12.27,B,1000
145407,12.27,B,1000
145409,12.27,B,100
145410,12.27,B,100
145410,12.27,B,500
145412,12.27,B,500
145413,12.27,B,100
145413,12.28,B,5000
145414,12.27,S,900
145414,12.27,S,500
145414,12.27,B,100
145414,12.27,B,100
145419,12.27,B,500
145419,12.27,B,100
145420,12.27,B,800
145426,12.28,B,400
145426,12.28,B,100
145426,12.27,S,500
145434,12.27,S,100
145434,12.27,S,100
145434,12.27,S,100
145435,12.28,B,300
145438,12.28,B,200
145439,12.28,B,200
145439,12.27,S,200
145439,12.28,B,2200
145439,12.28,B,900
145456,12.28,S,400
145456,12.28,S,1500
145456,12.28,S,5000
145456,12.28,S,300
145456,12.28,S,200
145456,12.28,S,300
145456,12.28,S,100
145458,12.28,S,100
145458,12.28,S,1000
145458,12.28,S,2000
145458,12.28,S,2000
145458,12.28,S,1000
145458,12.28,S,900
145458,12.28,S,100
145458,12.28,S,100
145458,12.28,S,100
145458,12.28,S,500
145458,12.28,S,1000
145458,12.27,S,15700
145458,12.27,S,100
145458,12.27,S,5000
145458,12.27,S,3000
145458,12.27,S,500
145458,12.27,S,1600
145458,12.27,S,300
145458,12.27,S,500
145458,12.27,S,200
145501,12.29,B,900
145501,12.29,B,100
145502,12.29,B,1000
145503,12.29,B,1300
145503,12.29,B,700
145503,12.29,B,1200
145504,12.29,B,400
145504,12.29,B,400
145507,12.29,B,900
145508,12.28,S,600
145508,12.28,S,1000
145508,12.28,S,1000
145508,12.28,S,500
145509,12.28,B,1200
145509,12.28,B,200
145511,12.28,B,2000
145511,12.28,B,6200
145511,12.29,B,1400
145511,12.29,B,300
145511,12.3,B,9199
145511,12.3,B,1000
145511,12.3,B,700
145511,12.3,B,700
145511,12.3,B,5501
145512,12.29,S,100
145517,12.29,S,100
145517,12.29,S,500
145518,12.29,S,500
145518,12.28,S,1000
145518,12.28,S,1000
145518,12.28,S,500
145518,12.28,S,200
145518,12.28,S,500
145518,12.28,B,6300
145526,12.3,B,799
145526,12.3,B,601
145527,12.3,B,3000
145532,12.3,B,1000
145534,12.29,S,200
145534,12.29,S,100
145535,12.28,S,500
145536,12.29,B,900
145536,12.3,B,100
145536,12.3,B,2000
145537,12.3,B,1000
145537,12.3,B,1000
145547,12.29,S,600
145547,12.3,B,1000
145548,12.3,B,599
145548,12.3,B,401
145551,12.3,B,499
145551,12.3,B,201
145552,12.3,B,1000
145552,12.3,B,1000
145552,12.3,B,599
145552,12.3,S,900
145557,12.3,S,3000
145558,12.3,S,400
145558,12.32,B,6900
145607,12.32,S,1000
145611,12.32,S,2100
145615,12.3,S,500
145616,12.3,S,2000
145617,12.32,B,100
145622,12.32,B,100
145627,12.32,B,1000
145629,12.32,B,400
145631,12.32,B,100
145632,12.32,B,4600
145632,12.31,S,400
145632,12.3,S,500
145633,12.32,B,2100
145633,12.32,B,300
145640,12.35,B,500
145641,12.33,S,2000
145641,12.32,S,200
145641,12.32,S,800
145641,12.35,B,200
145642,12.35,B,300
145642,12.35,B,100
145700,12.35,S,2000
145700,12.35,S,5000
145706,12.33,S,1000
145710,12.32,S,200
145710,12.32,S,500
145710,12.32,S,300
145713,12.35,B,300
145713,12.35,B,400
145713,12.35,B,300
145718,12.35,S,500
145718,12.35,S,500
145719,12.33,B,1600
145720,12.36,S,100
145721,12.32,S,100
145721,12.32,S,300
145721,12.31,S,500
145721,12.31,S,900
145722,12.32,S,2000
145725,12.35,B,100
145731,12.35,B,200
145731,12.35,B,300
145735,12.35,B,700
145739,12.35,B,200
145739,12.38,B,300
145739,12.38,B,600
145739,12.38,B,400
145739,12.38,B,8000
145739,12.38,B,500
145739,12.39,B,1000
145739,12.39,B,1300
145739,12.4,B,2700
145749,12.35,S,100
145753,12.37,B,1000
145753,12.38,B,100
145753,12.4,B,300
145753,12.4,B,2000
145753,12.41,B,1000
145753,12.43,B,1000
145753,12.44,B,3000
145753,12.44,B,1600
145756,12.35,S,100
145758,12.35,S,100
145803,12.4,S,1800
145810,12.45,B,300
145810,12.46,B,500
145811,12.46,B,100
145811,12.46,B,1100
145811,12.46,B,500
145811,12.47,B,2000
145811,12.47,B,3000
145811,12.47,B,8000
145811,12.49,B,4900
145811,12.49,B,2000
145811,12.49,B,1000
145811,12.49,B,1000
145811,12.5,B,1000
145813,12.5,S,2000
145814,12.5,S,2400
145814,12.5,S,500
145814,12.5,S,500
145814,12.5,S,300
145815,12.5,S,2000
145817,12.5,S,1000
145817,12.5,S,10000
145818,12.5,S,2000
145819,12.5,S,500
145820,12.5,S,1000
145821,12.5,S,500
145823,12.5,S,20000
145823,12.5,S,700
145823,12.5,S,1500
145824,12.52,B,100
145825,12.52,B,300
145826,12.52,S,2000
145827,12.52,S,700
145827,12.5,S,500
145827,12.46,S,300
145827,12.4,S,100
145827,12.4,S,100
145833,12.5,B,1000
145833,12.5,B,3000
145833,12.51,B,200
145833,12.52,B,1300
145833,12.53,B,2000
145833,12.54,B,500
145833,12.55,B,600
145833,12.55,B,5000
145835,12.55,S,500
145837,12.55,S,3800
145837,12.55,S,2100
145837,12.52,S,1400
145842,12.52,S,600
145849,12.5,S,100
145852,12.52,B,400
145852,12.52,B,3000
145852,12.53,B,1000
145854,12.53,S,400
145854,12.53,S,1000
145856,12.53,S,1000
145858,12.53,S,3000
145859,12.53,S,500
145902,12.53,S,200
145905,12.53,S,4500
145905,12.5,S,500
145908,12.5,S,1000
145913,12.5,S,300
145916,12.5,S,700
145927,12.45,B,400
145930,12.45,B,300
145930,12.5,B,300
145930,12.5,B,2400
145944,12.45,B,200
145948,12.45,S,400
145956,12.49,B,500
145957,12.45,S,300
